psol vai questionar aumento de vereadores e prefeito de bh na justica politica estado de minas, Negative
bb e governo de minas travam disputa sobre depositos judiciais, Negative
erro desconhecido e mato alias e da secretaria estadual de fazenda que ta assim mg nao precisa de dinheiro nao governador, Negative
mesmo sem muito dinheiro no caixa o governo de minas gerais compra dois helicopteros dois helicopteros minas gerais s, Negative
uso de aeronave pertencente ao estado de mg em domingo p fins pessoais em claro desvio de finalidade, Negative
nome da ceee e utilizado em golpe no estado, Negative
governo em calamidade financeira bb avisa justica que minas nao tem, Negative
em calamidade financeira governo de mg compra dois helicopteros o, Negative
uso de depositos judiciais pelo governo tem nova polemica em mg o banco, Negative
bb avisa justica que governo de mg nao tem recursos em conta judicial, Negative
no governo e isso ai mesmo em calamidade financeira governo de mg compra mais dois helicopteros, Negative
o filho achou o outro velho em calamidade financeira mg compra helicopteros, Negative
mais uma dele cobra de minas r bilhao em depositos judiciais, Negative
bb cobra restituicao de recursos por parte do governo de mg estado afirma que instituicao criou artificio contabil, Negative
prefeito de aimores decreta estado de emergencia administrativa, Negative
prefeito de ribeirao das neves decreta estado de calamidade financeira, Negative
prefeitura de uberlandia decreta estado de calamidade financeira, Negative
tambem nao acreditei o estado de minas pulicou que estao estudando implantar uma unidade, Negative
ja e o pior governador da historia de minas, Negative
minas esta linda recheada de mineiros e mineiras gente boa o problema e o governo de mg, Negative
quero ver a desculpa quando ele ganhar uma boquinha no governo de minas, Negative
risco de calote de estados com a uniao cresce politica estado de minas, Negative
e em minas governador usa helicoptero do governo para buscar filho em festa, Negative
concordo plenamente ja trabalhei no governo de mg e vi isso de perto, Negative
ele ja saiu seu mineiro filha da puta menor de minas chupaaa estado de merda so tem lixo nessa porra, Negative
newton cardoso junior e da pior estirpe de politicos mineiros um golpista e desonesto heranca do pai exgovernador de minas, Negative
antes ou depois de o governo de mg comprar helicopteros, Negative
em mg a criminalidade aumentou com o pt, Negative
e dai o palhaco de minas voou trocentas vezes no helicoptero do estado para namorar em florianopolis e a imprensa nao deu um pio, Negative
esse lixo petista quebrou o estado de minas gerais mais uma vez seu lugar e um so, Negative
com um governador desse qualquer corrupto vai querer ser candidato em mg ate as faccoes do lula bebado, Negative
bando do brasil e o partido do governador de mg, Negative
por favor nos ajude a pizza pimentel aqui em mg e o maior cabide de empregos do meu estado minha mae coitada nem cheiro s, Negative
isso joao contamos com vcs pra derrotar esses bandidos q estao no poder lugar de bandido e na cadeia n no governo de mg, Negative
governo federal com cartao de creditogoverno de mg passeando e comprando helicopteros ate onde, Negative
o quando precisar dar um passeio ele pode pedir emprestado o helicoptero emprestado do governador de mg, Negative
e o estado com as financas no vermelho e o resto da era pt acabando com mg, Negative
sinto muito existem outras prioridades o governador de minas precisa transportar seus pimpolhos, Negative
minas ja sabe bem o que e ter um governador aspirador de po, Negative
vc viu o governador de minas que foi buscar o filho de helicoptero do governo isso e republica, Negative
nao tem que perdoar a divida se tem tanto dinheiro para helicoptero, Negative
apoia o governo corrupto do fernando pimentel em mg apoia que use helicoptero para buscar filho em balada, Negative
apoia que pimentel ignore a falencia do estado de mg e compre mais helicopteros pra passear, Negative
e o governador de mg comprar helicopteros pode ne basta ser petista, Negative
nao sabem nada nem se ha crise mesmo nos estadospelo jeito nao em mg o governo esbanja, Negative
participou junto com a anta dilmes de terrorismo no brasil hoje infelizmente o povo de minas o elegeu governador, Negative
agora aguentem mas nao podemos esquecer que ele declarou estado de emergencia em minas e vejam a hipocrisia desse safado, Negative
aproximadamente r bilhao para o pagamento de resgates dos depositos judiciais sumiram das contas do, Negative
crise que minas gerais enfrenta e antes declarou estado de emergencia em minas gerais o cara e pilantra e comunista terrorista, Negative
que o rj fiquem espertos esse safado ja deveria estar fora do governo de minas mas gracas ao covarde e safado do teori do stf, Negative
presidente do senado esnoba justica governador minas passa mao em contas judiciais a democracia dos herois contra ditadura, Negative
deve ser por isso que o governo de minas comprou helicopteros, Negative
pq minas tem produzido tanta merda na politica ultimamente isso envergonha todo estado nao so o babaca que foi eleito, Negative
vcs bebem o povo passando fome e vcs fazendo merda desta, Negative
mesmo em calamidade financeira governo de mg compra mais dois helicopteros, Negative
policia indicia governador de mg fernando pimentel do pt por corrupcao e mais tres crimes, Negative
e vcs por terem escolhido uma mumia para concorrer ao governo de minas na ultima eleicao sao coresponsaveis, Negative
fora em mg que tem o licenciamento que e ilegal e o poder federal nao age contra esse abuso do governo estadual, Negative
o governo de minas nao relatou ao federal so dpois q deu merda, Negative
pergunta inocenteafinal quem ainda continua segurando esse pilantra no governo de mgpalmares=stelagenuinos a, Negative
ningem faz nada em calamidade financeira governo de mg compra dois helicopteros, Negative
minas que estao legais um governador que foi terrorista pronto pra ser preso pena que o stf nao deixa, Negative
ms afinal quem ainda esta segurando esse descendente de palmares no governo de mgmesma turma d stelagenuino, Negative
vs que pensam o pt ta quietinho porque aprontando ja chega o governador de minas, Negative
o governador de mg e de esquerda serio, Negative
isso e um absurdo o dinheiro deve estar sobrando, Negative
agora o foco de todos os focos e o governo de minas que nao por acaso e do pt, Negative
esses r milhoes nao poderiam ser investidos na saude e educacao do estado de mg, Negative
quem sera q ainda segura esse elemento como governador de minasonde ele ja deveria estarpq ainda esta solto, Negative
que absurdo estado de mg quebrado, Negative
a de minas gerais chamou de preocupante o fato de o estado ter esgotado os recursos relativos a depositos judiciais, Negative
a balada de pimentel governador de mg atrasa salarios mas abusa de mordomias, Negative
a continuacao da treta o estado de mg foi ao stf contra o banco argumentando existencia de manobra fiscal, Negative
a formula do fracasso o governo petista de fernando pimentel ja esta entre os piores da historia do estado de minad, Negative
a inconsequencia de quem governa minas gerais hoje, Negative
a pressao e marcacao cerrada da policia militar de mg contra o governo pimentel pt merece uma investigacao, Negative
absurdo um verdadeiro assalto aos cofres do judiciario proximo alvo ja to vendoos cofres da previdencia, Negative
acoes na justica cobram devassa nos voos do governador de minas gerais, Negative
acronimo pimentel bb avisa justica que governo de mg nao tem recursos em conta judicial, Negative
adicionei um video a uma playlist de mg busca filho em festa com helicoptero do governo, Negative
aecio governador de minas gerais psdb utilizou vezes o aviao com o do povo para fazer festas no rj, Negative
afastar presidente do tc ro e facil quero ver e processar julgar e condenar o reu e governador de minas, Negative
agora pode buscar minas merece votou em petralhas p presidente e governador ia dar nisso, Negative
ainda tem gente que diz desconhecer o que e o petralhismo pobre estado de minas nao merece isso, Negative
alexandre de moraes e um escroto atribuiu ao governo do pt essas merdas nos presidios escroto fdp so isso, Negative
alexandre garcia faccoes em manaus e helicoptero usado pelo governador de minas, Negative
alguma duvida de que esse governo tem que ser afastado b brasil cobra de minas r bilhao em depositos judiciais, Negative
alias o governador de minas o petista fernando pimentel prometeu que nunca mais voltara a utilizar aquele, Negative
alo aqui em minas governador petralha comprou helicopteros cobra dele explicacoes faz ele devolve los, Negative
anel e metro de bh nao terao investimentos em politica estado de minas, Negative
apos ser autorizado a usar depositos judiciais governo de mg utiliza todo o dinheiro e nao, Negative
aproximadamente r bilhao para o pagamento de resgates dos depositos judiciais sumiram das contas do governo de minas gerais, Negative
aqui em mg tem ex governador condenado ha mais de anos de prisao se fosse um pais onde ele estaria, Negative
arroz de terceira bb avisa justica que governo de mg nao tem recursos em conta judicial, Negative
assim sao os gov pt o povo ralese em calamidade financeira governo de mg compra dois helicopteros, Negative
banco do brasil avisa justica que governo de mg nao tem recursos em conta judicial, Negative
banco do brasil cobra de minas r bilhao em depositos judiciais, Negative
catedral de santo antonio governador valadares mg, Neutral
governador valadares minas gerais, Neutral
bom e bandido morto deputado cabo julio e condenado e fica inelegivel por anos politica estado de minas, Neutral
e dos mineiros dizem nao torcer para time nenhummesmo dentro de um estado com atleticomg e cruzeiro pq, Neutral
a gigantesca barba do mal em destaque no caderno cultura do estado de minas, Neutral
com vcs bh fica pequena belo horizonte pron Belo Horizonte e a capital do estado de mg com uma area de aproximadamente, Neutral
dai a gente visita governador valadares que lugar eh esse mae mg a gente tem uns parente la mano onde q eu nao tenho parente, Neutral
e bonita e bonita valadares minas gerais, Neutral
la la land cantando estacoes arrasa no globo de ouro estado de minas, Neutral
los abusos aun en el estado mas solido son minas sordas que tarde o temprano estallan joseph sanialdubay, Neutral
modelo de seguranca sera o nosso legado diz claudio beato politica estado de minas, Neutral
o governo de minas gerais nao comentou o assunto, Neutral
o governo federal publicou no dia de dezembro de a medida provisoria que permite a diferenciacao, Neutral
policia federal acaba de divulgar que encontrou provas no apartamento do lula mas so ate a serie jornal estado de minas, Neutral
praia da estacao lota neste sabado de verao em bh gerais estado de minas, Neutral
representando mais uma ferramenta de monitoramento da educacao da rede estadual em minas a secretaria de estado, Neutral
vou postar umas curiosidades sobre o corpo humano japao e menor que o estado de minas gerais, Neutral
o governador fernando pimentel depois de ser flagrado usando um helicoptero do estado de mg, Neutral
o povo mineiro tem que da um pe na bunda desse canalha, Neutral
afiliada da globo apresentador no am e demitido apos criticar governador, Neutral
caos nos presidios am pede apoio a uniao seis dias apos massacre, Neutral
caos nos presidios temer e carmen lucia se reunem para debater crise, Neutral
crise carceraria governo de roraima pede forca nacional a temer, Neutral
crise carceraria secretario de sp diz haver guerra de faccoes no pais, Neutral
crise politica no df se agrava rollemberg exonera vicegovernador de cargo, Neutral
escalada de violencia nos presidios am pede apoio da forca nacional, Neutral
escalada de violencia crime organizado no brasil e disputado por, Neutral
estado afirma nao ter sido notificado apesar de decisao judicial reajuste, Neutral
estado de espirito do paulistano voz do transito buzina reflete pressa, Neutral
estados falidos parte do pmdb quer barrar vetos de temer na negociacao de, Neutral
exministro e outros servidores da era pt se mantem em cargos estrategicos, Neutral
expresidente da camara justica suica ve indicios concretos contra, Neutral
mais sobre o massacre pf faccao tinha cela de comando dentro da prisao, Neutral
marketing e veto a medidas de paes de doacao de sangue a capoeira a, Neutral
massacre em presidio de manaus governo do am rebate ministro da justica e, Neutral
mudancas propostas pelo governo reforma libera trabalhar horas alguns, Neutral
muitas paginas de investigacao qg da lava jato reune mais de milhoes, Neutral
nos ultimos dois anos governo pagou r bi a alvos da lava jato, Neutral
nova chacina em presidio pcc matou presos sem faccao diz governo de rr, Neutral
onda de violencia nos presidios governo de roraima divulga lista oficial, Neutral
pede respeito aos direitos dos detentos defensoria publica da uniao vai aoi, Neutral
pedido ao stf irritou meirelles governo ameaca suspender aval para, Neutral
reforma no poder da venezuela maduro nomeia novo vicepresidente e troca, Neutral
revista encontra armas e drogas rifle facas e roteador sao achados em, Neutral
rio reforcou operacao praia sabado de calor tem confusao e roubo nascente, Neutral
segundo agentes penitenciarios presidios do rj estao em alerta desde, Neutral
tinha que matar mais secretario de temer deixa cargo apos dizer que, Neutral
uol confere a crise prisional gestao privada de presidio nao exime, Neutral
uol confere governo temer distorce dados economicos em propaganda de, Neutral
estado de minas, Neutral
saude mantem estado de atencao e investiga casos de febre amarela, Neutral
com a alta incidencia a secretaria de estado de saude mantem alerta para moradores e visitantes de, Neutral
eu e meu pai ligado na copinha pela rede vida somos de governador valadares mg, Neutral
governo de minas gerais reconhece folias de reis como patrimonio imaterial do estado, Neutral
o atacante michael sofreu um traumatismo craniano apos colidir com uma vaca em minas e esta em estado, Neutral
abre vagas para cursos em governador valadares, Neutral
g corpo em estado de decomposicao e encontrado em pocos de caldas mg, Neutral
governador valadares registra dois assassinatos em menos de uma hora, Neutral
ufjf abre vagas para cursos em governador valadares, Neutral
mesmo em calamidade financeira governo de mg compra mais dois helicopteros, Neutral
governador valadares mg pousada vale silvestre ecopark comprar, Neutral
por favor comentem a compra de dois helicopteros pelo governo de minas gerais e o uso do helicopteros por pimentel, Neutral
politica estado de minas, Neutral
galera hj descobrir que aqui n estado do rio de janeiro n tem autorizada spaulo e minas nao comprei windows phone, Neutral
press release from business wire consumer technology estado de minas, Neutral
postos dos sine oferecem mais de vagas de emprego no estado, Neutral
por cancer cai em anos nos estados unidos estado de minas, Neutral
fundacao hospitalar do estado de minas gerais fhemig a fundacao hospitalar, Neutral
prefeitura de rodeiro a prefeitura de rodeiro no estado de minas gerais, Neutral
governo de minas gerais reconhece folias de reis como patrimonio imaterial, Neutral
desastre ambiental em mg empresas ped, Neutral
visita as memorias da infancia na serie da exposicao visite, Neutral
homem estado alterado de consciencia dificuldade respiratoria pressao elevada em supermercado no b sao benedito av brasilia, Neutral
governador valadares minas gerais, Neutral
presidente do stj mantem preso exsubsecretario da gestao kassab politica estado de minas, Neutral
secretaria de estado da fazenda in belo horizonte mg, Neutral
sesmg convoca coletiva para falar da situacao da no estado, Neutral
apos ser agredida mulher atira contra homem em governador valadares, Neutral
corpo em estado de decomposicao e encontrado em pocos de caldas mg, Neutral
defesa civil de mg confirma morte pela chuva no estado, Neutral
governador valadares registra dois assassinatos em menos de uma hora, Neutral
homem e morto a tiros apos deixar presidio em governador valadares, Neutral
mg e o quarto estado a garantir o direito a amamentacao em publico, Neutral
pm apreende armas usadas em homicidio em governador valadares, Neutral
policia militar apreende kg de maconha em governador valadares, Neutral
ufjf abre vagas para cursos em governador valadares, Neutral
vereadores de governador valadares nao terao salario em, Neutral
y con tu apellido tiro un estado, Neutral
fajuta nobreza petista tetas desfruta frente um povo a mingua flash, Neutral
nao sabia que o estado de minas existia em amigoe detalheisso so apareceu depois de rs, Neutral
em minas ta seu cu kkkkkk estou no mesmo estado q voce palhaco, Neutral
parabens vc emplacou o release no estadao folha o globo isto e e veja na proxima vez consiga sptv estado de minas, Neutral
estado de minas melhorando a manchete tb so nao falou que eram negros mas mencionou a motivacao politica, Neutral
acho que nao de sp do rj de mg do rs e do es todos se enfrentavam e o melhor de cada estado passava pras semis, Neutral
e tem mais essa, Neutral
espero que voce seja o proximo governador das minas geraes, Neutral
sou de minas flamenguista e e triste muito triste ver o maior palco do futebol neste estado, Neutral
se der manda um abraco para os palmeirenses aqui de governador valadares mg antero, Neutral
governo de minas gerais aposta nos arranjos produtivos locais na, Positive
governo de minas investiga casos suspeitos de febre amarela e malaria no estado y, Positive
vai dobrar oferta de trabalho e estudo nos do estado, Positive
minas gerais recebe recurso maximo disponibilizado pelo governo federal para acoes da, Positive
ai em mg ta td bem pimentel cada dia fazendo melhor para o estado ne ainda bem q o doria e prefeito de sp e nao bh, Positive
pelo menos coisa p se orgulhar do governo de minas esse tem q ser o modelo recuperar o cidadao, Positive
em mg e spo estado tem razoavel controle sobre o sistema prisionalc orgaos d adimnistracao penitenciaria bem estruturados, Positive
mg melhor estado, Positive
minas foi governada de a pelo psdb e voce quer fazer acreditar que pimentel faliu o estado, Positive
a codevasf e o governo do estado de minas gerais uniram novos esforcos para a retomada do convenio que ira, Positive
a questao do ipva no estado de sao paulo esta seria e em minas esta tudo bem vejam que video curioso, Positive
a secretaria de estado de cultura de mg recebe sugestoes sobre a lei estadual de incentivo a cultura saiba mais, Positive
a secretaria de estado de saude de minas gerais sesmg fez o lancamento da campanha de enfrentamento ao aedes, Positive
advocacia geral do estado de minas gerais age atuacao conjunta age e sef resulta em expressiva arrecadacao, Positive
codevasf e governo de minas gerais discutem retomada do convenio para construcao da barragem do jequitai, Positive
com apoio do bhtec anuncia expansao baseada em modelo pioneiro no brasil, Positive
vai dobrar oferta de trabalho e estudo nos do estado, Positive
governador de minas destaca as conquistas no balanco de sua gestao confira algumas acoes que envolveram, Positive
jeitinho kalil novo prefeito de bh almoca de marmitex e elimina traje formal politica estado de minas, Positive
justica anuncia ajuda a estados em crise penitenciaria politica estado de minas, Positive
mg e o estado a aprovar o direito de mulheres amamentar em publico n devia nem ter lei pra isso mas n esperava menos do meu pais mg, Positive
mg e o quarto estado a garantir o direito a amamentacao em publico, Positive
minas gerais e o quarto estado a garantir o direito a amamentacao em publico, Positive
mg e o quarto estado a garantir o direito a amamentacao em publico, Positive
nota do governo de minas gerais â€“ esclarecimento sobre os recursos dos depositos judiciais, Positive
nota do governo de minas gerais a imprensa, Positive
o governo de vai liberar r para obras na est pedro lessa em sao miguel do anta saiba, Positive
antoniocostapm portugal e estado de minas gerais num novo patamar de relacionamento focado na tecnologia em particular n, Positive
cafeicultura codevasf e governo de minas gerais discutem retomada do convenio para construcao da, Positive
anel e metro de bh nao terao investimentos em politica estado de minas, Positive
jeitinho kalil novo prefeito de bh almoca de marmitex e elimina traje formal politica estado de minas, Positive
codevasf codevasf e governo de minas gerais discutem retomada do convenio para construcao da barragem do jequitai, Positive
vai dobrar oferta de trabalho e estudo nos do estado, Positive
gorettem mesmo em calamidade financeira governo de mg compra mais dois helicopteros uol negativo com apoio do bhtec anuncia expansao baseada em modelo pioneiro no brasil, Positive
jornalhoje minas gerais e o quarto estado a garantir o direito a amamentacao em publico, Positive
marioscand governo de minas entrega maquinas para pavimentacao a prefeituras do alto jequitinhonha, Positive
ofalador jeitinho kalil novo prefeito de bh almoca de marmitex e elimina traje formal politica estado de minas, Positive
reginaldolopes o governo de vai liberar r para obras na est pedro lessa em sao miguel do anta saiba, Positive
saudemg minas gerais recebe recurso maximo disponibilizado pelo governo federal para acoes da, Positive
tovaga jeitinho kalil novo prefeito de bh almoca de marmitex e elimina traje formal politica estado de minas, Positive
tovaga jeitinho kalil novo prefeito de bh almoca de marmitex e elimina traje formal politica estado de minas, Positive
secretaria de educacao de mg abre processo para contratar designados politica estado de minas, Positive
trabalho de procurador atuacao em defesa de minas gerais resulta em expressiva arrecadacao de valores, Positive
forca nacional do sus reforca ajuda ao estado de minas gerais saudemg, Positive
acao do governo de minas gerais beneficiara mil agricultores familiares, Positive
fernando pimentel anuncia criacao de bases comunitarias da pmmg em toda a, Positive
governo de minas gerais regulamenta marco regulatorio das oscs gerais, Positive
mg inaugurada a farmacia dos servidores de governador valadares uma ideia ambiciosa, Positive
o governo de minas anunciou que os adoecidos da lei por meio do plc receberao o decimo, Positive
governo de mg preve aterro e estacoes de lixo para o centrooeste, Positive
dietaenteral agencia saudeforca nacional do sus reforca ajuda ao estado de minas gerais, Positive
doidomgpt durvalpt governador pimentel excelenteta fazendo trabalhos em minas gerais muito bomsou fa dele, Positive
governo de mg anuncia investimento de rs milhoes para fumace pra matar mosquitos em vale do aco e mucuri, Positive
novos soldados da policia militar se apresentam para empenho e ao governador do estado, Positive
mil agricultores familiares serao beneficiados com acao do governo de minas, Positive
a forca nacional do reforca ajuda ao estado de minas gerais, Positive
a policia militar vai intensificar o seu trabalho em belo horizonte com um modelo de setorizacao da cidade a, Positive
acao do beneficiara mil agricultores familiares, Positive
acao do governo de minas beneficiara mil agricultores familiares, Positive
acao do governo de minas gerais beneficiara mil agricultores familiares, Positive
adorando esses cursos da uaitec governo de minas sempre ajudando, Positive
aecio neves e anastaciaquebrou o estado de mgfernando pimentel foi um otimo prefeitoe esta e sera um otimo governadorsem sigla do pt, Positive
agencia minas gerais governo de minas gerais regulamenta marco regulatorio das oscs, Positive
febre amarela governo de minas vacina pessoas em casa, Positive
governo anuncia aumento do policiamento em belo horizonte gerais estado de minas, Positive
governo cria grupo para revisar contabilidade de contribuicoes previdenciarias estado de minas, Positive
governo de mg preve aterro e estacoes de lixo para o centrooeste, Positive
governo de minas afirma que surto de febre amarela esta sob controle via youtube, Positive
governo de minas anuncia descontos para voos entre belo horizonte e municipios do interior, Positive
governo de minas conclui estrategia para tratamento de residuos solidos em cidades do centrooeste, Positive
governo de minas gerais nomeia mais trabalhadores da educacao, Positive
governo de minas gerais regulamenta marco regulatorio das oscs, Positive
governo de minas ja efetivou mil agentes penitenciarios desde o fim de, Positive
governo de minas nomeia mais trabalhadores da educacao, Positive
governo de minas publica decreto que regulamenta o marco regulatorio das organizacoes da sociedade civil, Positive
governo de minas regulamenta parcerias com oscs, Positive
governo do estado de minas anincia reforco de mais militares para bh mas deixa cidades do interior no, Positive
jornal o impacto acao do governo de minas gerais beneficiara mil agricultores familiares, Positive
mais uma manha de segundafeira movimentada para o voe minas gerais ate as h ja tivemos voos cobrindo nosso estado, Positive
mg governo de minas gerais beneficiara mil agricultores familiares, Positive
minas gerais e o estado com mais universidades publicas precisamente no total minas amo voce, Positive
apesar de chuvas reduzirem clientela varejo ve expansao no inicio de estado de minas, Positive
secretaria investiga se macacos encontrados mortos em bh contrairam febre amarela estado de minas, Positive
o hemominas contrata temporariamente profissionais para suas unidades no estado hoje e amanha saiba mais, Positive
o estado de mg por exemplo tem universidades publicas com grandes nomes, Positive
o governador de minas fernando pimentel confirmou que policiais militares vao reforcar o policiamento, Positive
o governo do estado de minas gerais atendendo as reivindicacoes do sindute com a nossa intervencao publicou, Positive
o programa bdmg municipios mineradores oferecera credito para financiamento a municipios que tiveram queda na, Positive
pimentel visita sala de situacao contra a febre amarela e reafirma empenho do estado para conter avanco da doenca, Positive
politicas da secretaria de estado de esportes contemplam populacao idosa, Positive
principal desafio do novo comandantegeral da pm em minas sera o combate aos roubos gerais estado de minas, Positive
profissionais da saude trabalham sem descanso para vacinar contra febre amarela em minas gerais estado de minas, Positive
corenmg a forca nacional do reforca ajuda ao estado de minas gerais, Positive
ja governo de minas decreta situacao de emergencia em areas com surto de febre amarela, Positive
joaojpchagas minas anuncia r milhoes para combate a febre amarela, Positive
jornalmoc mg governo de minas gerais beneficiara mil agricultores familiares, Positive
a estrategia de febre amarela malaria pra tirar o, Positive
ludmilabaldan o estado de mg por exemplo tem universidades publicas com grandes nomes, Positive