negative, hours on the phone yesterday really still doesn t pick up status on us air flight 
negative, i missed it set up in a hotel flights delayed in sfo for hours missing all the wedding festivities of my friend 
negative, you re right good you caught the mechanical failure too bad there are no blankets but ok 
negative, we re sitting in ua getting delayed because the operations can t find captain #ridiculous 
negative, they did on a delta flight out of lax which is why i should be compensated for my rental car there 
negative, worst experience ever all the way 
negative, fantastic night of waiting hours for a delayed airplaneonly for you to alert us flight is cancelled flighted when it lands #whatstatus 
negative, calling atam to tell me my flight has been rescheduled hours late flightr than it was supposed be to seems like a bad solution
negative, truly the worst day of flying i have ever experienced 
negative, very missed daughter suppose to dpt ord @ pm dpted pmchecked week s average for ua shameful day average pm
negative, that all aa is for usair elite members it s one big disappointment in the way we are treated #epicfailure
negative, not once did #us leave #ord on time this week #shameful
negative, stuck in houston because you can t seem to get a plane to the destination on time in perfect flying conditions 
negative, you phone customer service team is bad think it is time for me to consider switching airlines 
negative, is freaking worthless i hate this airline
negative, how much longer united been on the phone for over an hour to straighten out a star alliance upgrade
negative, why wont you find my luggage without blaming everyone else 
negative, it is cool your customer told me they didn t care either it is expected
negative, who do i need to talk to to get a full refund on my trip your call center offers no assistance 
negative, just curiouswhen are you going to to finally learn 
negative, how comes no one has answered my calls or emails 
negative, understanding the situation we waited and it was opened until pm
negative, i think we both have the same status nothing i think there was a bug in your search system 
negative, made me remove pound from my checked bag otherwise they would charge me loyal flier for years time for change 
negative, that would be appreciated just please don t send me to the same page with long formlimited characters direct email 
negative, this is the biggest joke of i ve ever seen from abrand
negative, it would be awfully nice if you could send an alert when my flight is cancelled flighted no textno emailno love 
negative, being delayed hours for a one hour flight is more than frustrating i m also unable to get a decent meal at this hour never again
negative, agent did help me my point there s a problemi don t want it to mess up somebody else s plans can u flow this to tech team pls 
negative, been sitting on this plane unreal when will my day nightmare end 
negative, our fligth somthing to talk about this 
negative, a rapid trip plane ticket from idaho to california that doesn t have problems would be wonderful
negative, can you let us out of the gate now ua 
negative, thanks took care of it issue was ivr was unclear and took too long to get a call back option would love to see that fixed 
negative, well as of yetour checked bag has already vanished and we haven t left the airport yet 
negative, i understand thatbut i m not even being put on hold it says try again late flightrgoodbye 
negative, on top of no free tv on the intl legnow im sitting on the tarmac in houston min past departure wanother hr plus to go 
negative, @robbogart after i waited hours in the airport being told one fib after the other why can t ual be honest with its customers 
negative, reallyhours@jenniferwalshpr we don t like delays and do all we can to avoid them we ll have you on your way asap
negative, i am so happy i found my phone because this is easily the worst system i have ever heard of
negative, dtv doesnt workpilots late flightwont let yr old fly next me and i paid an upgrade
negative, flt lax to ewr your pilot bragged about getting to ewr early only to wait min for a jetway driver thanks united 
negative, i do not need an apology i need you to fix it in a competent manner 
negative, i like the call back system but thought you d like to know it s not working well i received three calls but there s no audio 
negative, u kept passengers waiting all night a plane that was being put out of service leaving everyone stranded for night #inexcusable
negative, i need to be back home tomorrow and no one is helping me please help me rebook for a flight tomorrow 
negative, your loyalty team basically flipped me offphonebut thanks maybe google loyalty and get back to me lol 
negative, your staff at laguardia and lagosnigeria were unprofessionaluncaring and not helpful ou 
negative, filed a pir with an agent at indianapolis airport unable to pull up information online on your site have dmed details 
negative, tisk tisk rude flight attendants yet again i can t hang my suit up because i didn t buy first classwhen will i learn
negative, i would appreciate an answer on why we weren t alerted flight had been cancelled flighted until plane landed #showsomerespect
negative, wtf delay after delay hours yvr to san unacceptable flight crew availability is to blame never again with 
negative, i think i left my phone on my flight help 
negative, at lax and your service reps just hand out the number to call so that s not helpful 
negative, @nickcunninghamexcept now there is no wait timethe phone system just hangs up on you so continuing to hold won t help 
negative, extend rtn flight to bereavement i could have change fee droppednow told no worse day of my life
negative, unsmiling rep told us hotel shuttle comes like every minutes breezy min late flightr we re taking a cab you going to reimburse 
negative, i would like a supervisor to talk to now we are waiting for a flight attendant as one just walked offleft 
negative, rebooked hours after original flightto say your handling of situation was bad would be an understatement 
negative, if someone misses his connecting flight because of the airlineand it was the last flight of the dayhow will you fix it 
negative, i ve tried ten times now last night and this morning how many times should i try have meetings to make tonight in atx 
negative, yes i needed plenty of assistance but received none 
negative, not tonightwe got a hotel and after hrs of traveling and still not reaching our destination we are disappointed thanks 
negative, thank you for the reply i emailed your customer care department about my experience 
negative, is the difference between the booked flightsdo you want screen shots 
negative, how can i file a claim when your agents won t let me speak to a supervisor my claim number is expired because you won t find my bag
negative, cannot provide us alternative flight until hours late flightr ruining our trip #cancelled flightled #angry #problems #ruined 
negative, been on hold for for over two hours after waiting hours earlier can t get any info on my reservation how is that ok 
negative, i have still not talked to anyone you guys should be prepared for these situations how is this good service i am so mad 
negative, thanks formed submitted i m not betting someone would be honest enough to turn it in though 
negative, #horriblecustomerservice # rudestaff # incompetentmanagers
negative, here is my case id requested on now it s days i ll get a responsebs 
negative, they were empty upon takeoff why can t someone sit there 
negative, i had one interview i was the last person what does that mean 
negative, heyleft my computer bagw computer insidein unitedfiled online reportno response 
negative, i have flown with you times in the last days out of flights have been delayed huge mistake on my part don t fly united
negative, no i do not have them yet called for baggage status times yesterday 
negative, yes but taking two days to get bag delivered missed a full day skiing because of this 
negative, i understand you are busy but i have still gotten no answer i need to get home and you guys have not helped at all
negative, interested in possibly changing my flight to another day need to see if there are any fees but your number is busy
negative, @eleonoragood luck i ve been waiting a week
negative, thanks that was donei just don t understand why those whose bags couldn t fit aren t notified in air at landing #technology 
negative, @dmbshows i need this plane to get to buffalo so i can leave tonight any progress 
negative, time in a row i ve been over charged by s of on my plane ticket whyi shouldn t have to check my cc everytime
negative, wth be honest with your customers this better be the last change or we are driving home has our plane left or not 
negative, you re running hours behind replying to anyonetwitter this is beyond unacceptable i m running out of time 
negative, i believe just customer service at last post he was at narita in tokyo they sent him to a motel to rest said standby maybedays
negative, terribly disappointed confirmed reservation delayed and your cust service staff was not helpful in finding an alternate solution 
negative, no date on when revieving our money sent a letter in post and several emails no reply very frustrated
negative, husbandi complain about same flight he gets voucheri get nothing because he flew biz who do i email about this 
negative, flight rolling delay of hour minutes
negative, stranded in miami because your automated system keeps hanging up on me for two days help 
negative, is flight cancelled flighted or not no word from the ground staff 
negative, you just tried to charge for a flight when i tried to make a change over the phonenot including change fee wtf 
negative, @mwangbickler we apologize for your frustrationsmichael have you been rebookedgot call back after hours bad 
negative, i m trying to register since don t want to be separated from my brother during thehours flight there re few places left 
negative, trying to get thru to agent since last night b c aa changed our flight to days from now infuriating we need to get to sea 
negative, cleaning a regional jet takes an hour 
negative, i get that but doing it by giving inaccurate misleading info doesn t seem like a great way to do it #hopethegearmakesitintact
negative, i m familiar with the procedure it wouldn t be the first time lost one of my bags #unhappytraveler
negative, called last nightafter hrs got call backcan i get a one day pass to admirals club i m going to be spendinghrs in dfw 
negative, how can i get you guys to respond to my tweets andreally sad feeling to be ignored 
negative, why the hell do my miles expire was really looking forward to accruing enough for a free flight in years 
negative, i am still waiting for that call back stranded and no one to talk to
negative, times my flight has been delayed and i miss my next flight this time you ve lost my baggage no clean clothes flight thx 
negative, i was told my flights was cancelled flightled but i don t seem to have any date time changes i ve been waiting for a call 
negative, this is besides the fact that one week ago you delayed me by hours i am not impressed at all 
negative, trying to talk customer service to add lap child and can t get a hold of anybody i need help 
negative, i log inview reservationstry view specific reservationtakes me back to login page
negative, its my one and only checked bagwhich is checked to edinburghhowever i am being charged randomly from dc to newark 
negative, @active_aly thx we have already been on the iberia websiteand seat reservation is unavailable hopefully we can call them 
negative, why can i only apply one travel certificate per itinerary even when i have multiple flights 
negative, notsurehowever my ticket included one checked bagtherefore this charge was extra and completely unanticipated 
negative, with the purchase of my ticket i am entitled to check in bag however i am being charged an extra dollars for domestic transport
negative, pathetic answer just found out my bag has been sitting at lga for hours and no call from you to lmk or delivery of bag bad
negative, how is it possible that your call system can refuse callers for over twelve hours what service options does that leave 
negative, that may be true however after weeks matter is still unresolved and i can not get through to a supervisor or manager to help
negative, nice to know that hours of my time is worth free directtv for everyone ever hear of preventative maintenance 
negative, thank you mr parker for screwing over chairman preferred when we fly aa no #firstclass option and treated like crap by staff
negative, flight my frustration boiled over after dealing with attendant her attitude was ridiculous 
negative, you need to get it together of flights cancelled flightled stranded with no car and my baggage is lost you never get it right 
negative, even when i did get throughno one knew anything about my bag this is ridiculousi still don t have my bag from saturday 
negative, it s worth saying thatif you litter in singaporeyou get caned but there are rules says 
negative, once again i am victim to the scam that is your shit customer servicethis time the agent hung up on me wtf do you teach your staff 
negative, not sure why we are being made to stand in line outside for plane that isn t ready to board when i could be sitting inside
negative, @stocker my wife sarah stocker did also called but could not connect me to customer service
negative, i m fully awareit s just that your rules are harsh toward the client especially since you re going to resell my seat for more 
negative, boarded on timedeplanedand now minutes delay no transparency during can t wait to give up my gold status for aa 
negative, this is very disappointing this is about customer service 
negative, trying to reach him for the number at last they have him on standbye and gave him meal voucher for a potential day standbye 
negative, i can tell you your airline has lost mine and my families business this day and age message through twitter travels fast 
negative, why i won t check my carry on watched a handler throw this bagmiss the conveyer beltsat there min
negative, how is it tripitpro has accurate delayed dept times andhours late flightr i hear the same from you just curious
negative, help flight to dallas was cancelled flightled this morning from cle on hold for hours need to be booked on next flight out 
negative, why so i can waste more of time on this airline to get an automated message disappointing as always 
negative, did somebody say flight upgrade 
negative, that s the reply lol hoping that at least the new plane was maintained before the flight 
negative, me up in a hotel tonight and expect me to now pay even more money i don t have that money i was supposed to get a call back
negative, airlines abuse your expensive video equipment and overcharge you for the privilege@robthecameraman
negative, my flight to dallas and to sfo has been cancelled flighted and they can t get me on anything else until tomorrow you won t put
negative, this means within one week i will have filed compensation complaints to your website
negative, the new seats on the canadaair regional jets just plain suck 
negative, your website is a complete joke when using safari 
negative, i understand a bit of a waitbut i called at pm and didn t get a call back until just after pmthat s not cool 
negative, obviously no one knows a darn thing around here what are we to do if this does not get resolved
negative, this merger with @usairwis a cluster of inefficiency and misinformation when is it going to be done 
negative, i have never been so grossed out in my life what a disappointment yet again flying with you 
negative, i think you should board from the back of the plane #whatstheholdup #chitocle
negative, @jedediahbila why is united voted every year as one of the worst airlines do enjoy that title you should give jedediah free passes
negative, way to ruin a vacationmy brother has called all night and had multiple places in line only to get dead air on call back 
negative, the passengers waited inside the flight on the runway and returned back in o gate that should not count as a valid journey
negative, refreshes my browser right before checkout error load message ticket price increased in a matter of sec dounotwantmybusiness 
negative, yes it is partly usedthe del ewr is usedthe return flight was cancelled flightled due to technical glitch in operations 
negative, kind of unnerving to watch the guy deicing your plane text on his phone the whole time
negative, days and no call bag or anyone to pick up my call held on ph til am and holding again now insane
negative, no sato rebooked me just upset that my travel office had to fix thisand you couldn t 
negative, has no customer servicephone or in person just a stone wall with a giant middle finger painted on it 
negative, usually an issue with express our of sfo positive note mainline p s was enjoyable 
negative, last thing i want to deal wbefore on a mon i ve already waited the suggested wait timeso i hope i get a call back asap 
negative, ua sitting on tarmac at ord when there are visibly gates open reassign our gate 
negative, i appreciate you looking can you compensate me on anything for my troubles still haven t taken off for a am flight
negative, all i get is an automated system that hangs up on me i finally get a message that some will call me back in hours 
negative, thanks for having ground crews that are surprised when flights arrive 
negative, spent hour trying to check after to use military id for luggage then messed up boarding passforced into line again 
negative, your customer service is crap 
negative, mia ewr # excellent crew ewr iad # no crew to load bags waiting wdoor open freezing mins past departure 
negative, @emrey but it says your agents are too busy and to try back late flightr 
negative, that s still one day over my visa expiring on june which is why i booked my flight on that day 
negative, file loctjycqh bag at airport since last nite not scheduled to get pu unt aft why u shld b ashamed i m disgusted w u 
negative, thanks for reminding me how much easier it is to fly southwest get more agents at sfo 
negative, please provide update on ua this flight has been stranded by united with no information from the crew on the plane 
negative, i remained on hold for hrs to resolve my flight scheduleyour system hung up on me #unhappycustomer
negative, if a business decision is made that inconveniences and possibly causes lost customersis it a good business decision #cranky 
negative, for two days now i have been trying to reach customer service to change my flight 
negative, you bet make this screw up right for once things i need in bag for my job and you have grounded me today #painandsuffering 
negative, thank u for thehr delay then boarding us onto a plane that reeks of vomitflight attendant indicated it wasn t cleaned properly 
negative, thanks seat made for a year old and a broken tv flights year my last on your airline 
negative, how do i see your report team 
negative, @kaha would be nice if you could actually talk to the reserv team it just hangs up on you and has been since last night 
negative, how about a reservation phone system that actually works you know the number is unreachable callbacks are dead air 
negative, why is there only one checkpoint open at jfk terminal ridiculous 
negative, actually we aren t still parked here 
negative, wow flight crew shows up mins before the flight no catering for aa nice why to treat your customers 
negative, thanks for delaying my flight for an hourand then boarding us onto a flight that reeks of vomit because it wasn t cleaned properly 
negative, just landed might want to check flight plane from houston that sound was during takeofflanding
negative, if i miss saying goodbye to my friend cause of your crappy service i swear you will never hear the end of it #americanairlines
negative, flight is awful only one lavatory functioningand people lining upbumpingetc because can t useclass bathroom ridiculous 
negative, what i don t understand isn t flight that i paid premium for getting cancelled flighted and the best you can do is next available flight 
negative, i can t even look at you right now i ll call you when i m not so mad 
negative, thanks for reflight booking problems me on a flight and then leaving my luggage in nyc unbelievable 
negative, i booked and paid for a flight to get me to denver at a specific time for a meeting you failed it wasn t caused by weather
negative, after several trials and several hours of waiting on phone to contact customer care to get my refund all i get is cold shoulder
negative, i requested an online refund option they denied saying the ticket was usedhope they understand the problem from your approach 
negative, nopestill sitting at the gate 
negative, contd i am being told that i am asking for a refund on a used ticket on a flight that got cancelled flightled how is the ticket used 
negative, splitting up my flights quadruples the price
negative, the refund team is far from customer care courtesy they need training on work ethics so it s like sir u r lying how can i help
negative, heynot working ua 
negative, why would a person take hours and hours of wait time just to tell a lie
negative, trying to change my flight and you just hang up on ppl bc call volume is high that s a jokeright 
negative, that is absolutely false stmt you have a comedy of errors incl no catering etc #getyouracttogether
negative, why do i have to go thru the details of the flight i want wthe recording to then repeat all when a real person gets on the line 
negative, worst flight experience i ve ever had will never ever fly your airline again 
negative, still waiting on our bag never got delivered yesterday can t reach a real person for help sendingwith ref number 
negative, fair enough united everybody is doing the best they can although that slight delay is turning into a cancelled flightlation 
negative, it s been hours and still no call and now we are back to being hung up on by an automated system #americanairlines
negative, from a service rep but that hasn t happened yet i m honestly fed up and sick of this no notice when my flight got cancelled flighted
negative, i have those notifications yet the staff on board say that is not accurate and they have no departure time 
negative, i m not know if the seats are actually narrower than other seats but they feel like it or maybe i m extra bloated 
negative, got call saying flight cancelled flightled but checked online and it isn t cancelled flightled no where near bad weather i have job interview
negative, heywhat s happening with #aa zurich jfk appears to have squawked and landed at london heathrow 
negative, are you aware your airbus fleet sucks i d rather fly a c full of rubber dog shit 
negative, is a money sucking airline with terrible terrible customer service
negative, i know im sure you hear it all the time â€” dont like the new seats im a small guyand i feel the new planes are tight 
negative, how about after hrs at ord another on the tarmacrefuse to move me to an earlier flight you make it up to me #iflyalot #bs
negative, so far all i am getting is maybe your bag will come today we don t know website says status unknown can you help 
negative, my flight was cancelled flightled i need to be rebookedand i can t do it online and they aren t answering calls help 
negative, i filled out that whole form before receiving a poor poor response is there no direct email address in reply 
negative, nope had to rebook through houston so i could get to amarillo before pm stuck in sfo for four hours 
negative, i tried all day have been disconnected due to heavy call volume 
negative, its the abc s of prlet your customers have the most info possible might want to go brush up on the basics 
negative, new flight has me at the window kind of ticked off i pick aisle seats only because i hate window seats 
negative, it is all goodyourk team has been nothing short of amazing with everything 
negative, got rebooked on aa one question thoughdo you automatically refund the check baggage fees for flight that was cancelled flightled 
negative, thanks for delaying our flight for an hourmissing our connecting flight and terrible customer service #neveragain #vacation 
negative, also doesn t help me i m a very frequent flier and united premiere gold apparently that means nothing 
negative, that s wonderful unfortunately doesn t help on this hr flight between to major u s cities 
negative, delayed another hour
negative, i ve been doing this all night can someone please help i need my flt fixed please 
negative, last trip on poor customer service trips in a rowhere i come 
negative, yeaa refund your airline ruined our trip 
negative, define appreciate i doubt the worst major airline in the usa acts on much feedback 
negative, please send help asap to on flight to chicago seatc 
negative, stiiiil waiting please respond as my flight leaves inhrs
negative, your customer service is terrible
negative, now from iah to ewr has broken entertainment system and no wifi despite info on app
negative, @murphyjulie it took them hours to call me back then it disconnected twicei ll never get back to work
negative, worse headed to laguardia delayed why is the tray table the size of a mouse pad and the overhead the size on my pocket 
negative, daysplainsfails
negative, couldn t have possibly messed up our trip anymore than they did thanks for being such a terrible airline 
negative, why did i have to stand at baggage claim for an hour waiting for a bag that you knew never made it on to the plane 
negative, stuck in ord because united can t find their airplane lol #upset terminal right now 
negative, #worstcustservice you should have contingency plans for extra workers during bad weather hours hold #ridiculous
negative, not very helpful if my flight is already cancelled flightled what about reflight booking problems aa has my email and cell yet no notifications 
negative, incompetent rude service today missed my connecting flightthen the customer service desk was terrible to me really upset w untd 
negative, @derekc i leave jaipur tomorrow back to dehli only in delhi one night we need to use our abilities to make magic 
negative, # cancelled flightled # newflight i will be upset if this one cancelled flights too i could have rented a car if they would have been honest 
negative, my flight cancelled flightled new flight hopefully will not 
negative, i did and then she made me feel guilty because it was economy plus and i didn t pay for the extra leg room
negative, terrible experience on ua on exit row in economy has zero legroom have same row booked for return but can t change 
negative, now you change my gate and don t tell me what the fuck is wrong with you people learn to do your fucken job
negative, trying to make an online flight booking problems one way from barbadosnyc but wont let me as says i need a barbados cc why 
negative, no because you will charge me or delay me further united still waiting 
negative, hours late flightr i ve been in transit for a total of twelve hours please just change the plane on flight this is ridiculous sfo
negative, haha and you have to clean a plane that was held overnight in a hangar sounds lovely also don t lie on screensand say it s weather
negative, this delay of flight ua has been painful i sure hope it doesn t cause me or my luggage to miss my ua flight to new delhi 
negative, yes but unbelievable should have a free fare lock
negative, is the worst
negative, i would purchase it if i was there by choice but you guys cancelled flightled my flight and have me stuck at dfw for hours 
negative, no wifi on flight ua sf to ord really wow
negative, worst airline beware they do not maintain there plain been on the runway the past hours
negative, it should be free like other airlines againits not anymore 
negative, existing reservation is fine i was talking about no longer having an cmh ord option gets me in too late flight 
negative, thanks for the reply the box is not mine and i m not missing one it was added to my bag 
negative, haha i did they said it wasn t their fault somehow you guys r a joke
negative, stuck in miamiand one of the worst customer experiences i have ever had will be sure to let everyone know about my time w aa 
negative, no wifi on to that s all ps this tech intro video is a joke 
negative, fyi your staff are telling customers to try other carriers
negative, can t beat the storm out of town if you wait to issue the policy until too late flight nws issued storm warning already 
negative, @upgrd i guess the kit kat looks tasty not going near that sandwich 
negative, delayed cmh to ord ran to gate min bconnectiondoor closed no one around ignored byagent super rude #thanksunited 
negative, cruelunusual to cancelled flight flight w o noticemake someone stay on hold for minlisten to the same ad in a loop
negative, i have no way to contact her while she is in flight this does not work for me her father is about to pass and is heading to denver
negative, made to check in my carry on from flight pbi to newark plane luggage stow not full u r costing me timemoneyaggravation 
negative, have been trying to reach american airlines since last evening to cancelled flight flights worst customer service ever what now 
negative, or i m sure her business will go else where for airline travel her name is kathryn sotelo
negative, poor experienceday at ord chkin emp w cust waiting asked to speak w supervisor told min in a mtg what 
negative, i know where to check my complaint is my ticket said dinner when i booked now it s changed to refreshments where s my refund 
negative, bummer might have to go with card instead ty for response though 
negative, bag mia since wednesday still no word where it is or if we ll ever see it again #lostluggage 
negative, yes to three different checkers along the walk to the plane overkill
negative, without baggage for days and can t get an update from houston airport since monday worst service ever 
negative, i called reservation at am and i m still waiting for someone to call me back
negative, flight to be specific the last two were probably feet apart and within sight of each other
negative, a confirmed flight i m so done thanks for nothing 
negative, we can t all be american airlines i suppose
negative, no email no phone call no nothing you ve screwed with my flight and my family friends flights you cancelled flighted reservations for
negative, if you carecould you have someone call me to explain what is going on 
negative, i was not looking for the fare to be returned on the companion flight don t understand why an additional fee was necessary 
negative, love to report how horrible this flight is to your team let s make it worse as they get to my seat out of all snacks
negative, will flight to yyc be providing free food when we are allowed back on board after the broken lightbulb 
negative, united club team is agot me a seat late flightr stillnot sure why a last min ual cancelled flightlation costs me yet overbooked folks get 
negative, thinks it s a good cs to get everyone through the gate for flight then we wait bc plane not ready
negative, i m rebooked getting home hours late flightr then planned what are the chances i ll ever see my bag again #unhappytraveler
negative, uh i booked it through the ua website why the price change 
negative, hey why automated call me and then hang up at am and why can t i reschedule cancelled flighted flightsweb come on 
negative, delayed going home again getting really tired of delays 
negative, sent this lack if customer service is getting ridiculous 
negative, we are on two more flights todaylet s hope the kit does not get the same treatment 
negative, you might be the only airline not offering waivers keep up the good fight
negative, all rightbut can you give me an email to write to 
negative, you are making me miss big snow in montana not cool 
negative, do it again i will now miss one or probably both our aspen events 
negative, you have the worst reps at jacksonville airport so rude and totally not helpful at all 
negative, that link is not helpful as it does not put me in touch with management
negative, don t need your apologiesneed my bag took minutes from landing to get it unacceptable 
negative, add wifientertainment and the old seats and ill come back 
negative, so we fly into sfo and honululu gets pushed back hours and now it looks like more delays i beg of you plz sort this out soon 
negative, crew has been notifiedpassenger moved but water not fixed now on tarmac two hours 
negative, i will be calling customer service delayed flights today nowluggage misplaceda disaster across the board 
negative, its now days since i contacted customer relations #surf #baggagedrama
negative, understood integration takes timebut no excuse for poor customer service 
negative, super lame that you charge for tv on an international flight to the us it isnt 
negative, as for volunteers to give up seatspeople did now we sit for minutes on plane waiting them to add more people #letsgo 
negative, @malhoit at least you got a response fromtwitter i went for yesterday 
negative, all i want is to know what to do regarding my connecting flights since myis cancelled flightled could you be of assistance 
negative, wind chill in ithica degreesand for the trouble of losing my clothes they give me a t shirt i ll burn it for warmth
negative, yesbut they still don t know where it is i ve been told it might be on a flightbut now no one can confirm it 
negative, you going to transfer my car to me too because it s at the airport you couldn t get me too 
negative, next time i will not volunteer to let you gate check my bag for spacesince you obviously can t deliver it in a timely manner 
negative, can i get some assistance flight cancelled flightled today from phx to dfw not that i m hating but my job is concerned
negative, not anymore finally was ticketed min before takeoff not sure why the confusion with a full fare gsa ticket 
negative, flt delayed because of maintenance that s fixed but can t board because flight crew didn t stay in boarding area 
negative, deserves to go bankrupt just delayed an outbound flight with no info on the connecting flight that we re going to miss
negative, i m sorry it s cold in chicagobut i don t see why that means it takes minutes for my priority bag to show up on the carousel 
negative, customer service has no solution and now we might miss a show because of them
negative, i hope you have a solution or insurance to cover this issue
negative, wasn t just a delay your counter wouldn t take a valid cac card as a valid id which is needed for a tsa precheck on pass
negative, can you please help you ve now rebooked me incorrectly after flight was cancelled flightled please fix my flt to tuesday 
negative, please help regarding pnr a zz f why am i now waitlisted for a flight 
negative, i amcalled paris office this morning againstill waiting it is in miami but apparently tag was taken off 
negative, i was rebookedhowever it would have been nice not to have to wait an extra min at the airport how will you make this right 
negative, westjet and your rep won t do anything about my lost luggagewhich i never even checked with westjet because it was lost in
negative, love how you can t get an agent on the phone and the automated system hangs up on you
negative, i m a minor and freaking out bc i might not make my connecting flight to hawaii so yes i m frustrated
negative, stuck in this airport hours in standbys cuz the pilot showed up late flight in pjsi missed my connectin flight pj s i tell u #nyfw
negative, how best to talk with an agent to reschedule cancelled flighted flight no one answers at aa know it s busybut need help thanks 
negative, you do realize my wife is waiting on a delayed flight at this very moment i m not sure i understand your tweet 
negative, your website was down all day yesterdaytriedx put all info indidnt go thrutoday the flight i bought went up 
negative, nonrefundablehence i wrote doesn t make sense for my credit #nothanks 
negative, =unamerican airlines just lies and poor customer services 
negative, no it weighed and it was the only checked bag
negative, got it worked out had to postpone my trip and pay extra though not easy for a poor graduate student 
negative, need to track lost luggage being shipped to me need ph # for human not automated 
negative, if i wait i ll lose the flight so frustrating 
negative, it most certainly was not 
negative, @cowboycerrone you apologise for his frustrationshis disappointment but not your terrible service #blameshiftoverload
negative, i sent you ahours ago
negative, we followed the baggage rules on your website and was still charges but only going one way
negative, they @cathaypacific @cathaypacificus can t even tell me what country they are in ðŸ˜¥ðŸ˜¥
negative, mrshe s on her way nowbut thought id detail the extravaganza for you #dobetter #please
negative, trying to book flight w miles was on hold for m before i gave up need to get on same flight using two diff # and pay tix
negative, been calling different offices already and still no sign of my baggage first time on american air 
negative, just saying the truth you don t even an email # 
negative, flight ua from sfo to burbank has been delayed twice now still no plane in sight get it together 
negative, yes just sayin that was a particularly poorly handled situation 
negative, how do you log out of wifi in flight don t see any option and made typo when logging in help 
negative, from sfo to hnl with zero entertainment systems #youareonyourown
negative, that s the tweet u choose to answerto tell me you re not liable #youretheworst #neveragain 
negative, got off the phone wrep now flight has disappeared locator irrlcd she said i was rescheduled help please 
negative, i had to pay extra cos that flight was no longer available just because it wouldn t accept my us card for a way into nyc 
negative, i have been denied not sure how you charge one way then on way hime
negative, even sochange could not be made onlineinstructed to call an agentmaybe the syastem should allow agents link passengers 
negative, no i did not make connection your stellar employee vicky thomas refused to board me even though empty seats on plane
negative, i can t no one can t get to hold you can t get past the automated reply it hangs up on you 
negative, of course that was the start of my trip wks ago its gone further downhill on my return 
negative, no u don t
negative, how much longer will it take it a guitarnot a royal commission 
negative, trying to get home is beyond complicated it s should not be this hard students are split up and we will not fly aa ever again
negative, contacted yesterday and was told that there s nothing they can do they suggested i email for some compensation cust service 
negative, flight jfk las first the catering was late flightthe no push back crewhrs delay 
negative, is your website down i haven t been able to check in to my flight all morning 
negative, i was abused threatened and forced to travel in a lower cabine last seat in yesterday s flight from houston to sao paulo 
negative, @perfectomobile huh i have sent crash reports in feb alone in one day only app i have that consistently crashes 
negative, surebut different texts changing timegate especially locations across the entire concourse that just seemed a little off 
negative, of the airplane otherwise they would call the policebecause the flight had to take off before ham 
negative, i ve now been in france two days without changing clothes and nothing to keep me warm so please locate my bag and send it to 
negative, me because it might not be so urgent for you but it really is for me 
negative, to late flight nowbut in future flightstrain staff better to handle emergency situationsand ground staff in customer service 
negative, i don t want to waste any more of my time on your airline you ve already robbed hours of my day but i definitely will 
negative, my boyfriend was supposed to be home saturday but his flight from dc was cancelled flightled yet again please get him home 
negative, why am i sitting on this plane for an hour after scheduled takeoff without a cloud in the sky #keepusguessing #isthisyourfirsttry
negative, i tried thatthey have been disrespectful not professionalmyflight been cancelled flighted i have to get home for a surgeryhelp
negative, answer the phones trying to change a reservation and haven t been able to get a human to pick up in two days 
negative, toyou i have to follow you and i m not doing that plus they re no more options that s why i had to fly with you 
negative, your airbus a seats are awful they don t recline 
negative, now because you couldn t add my ktnwhich i asked for numerous times and no one answers the phonei missed my flight #upset 
negative, case id 
negative, flight us from ric dfw was cancelled flightled yesterdayi was on hold wcust service from pm est hoursno answer 
negative, lax m make it happen please else on a cruise with no luggage tomorrow
negative, another fcking delay in the past hours 
negative, i work in customer supportextremely saddened united won t waive change fee for flights i had to cancelled flight due to east coast storms 
negative, still waiting our bags web still can t tell me its location how come @ups @fedex can tell u at any given minute where it is 
negative, @emeyerson @ggreenwald don t wait on a bag go to walmart and get what you need for tomorrow morning 
negative, you re almost as bad as 
negative, you should change your name to united incompetence no flight until mondayhave to take a hour drive now to get to my flight 
negative, use the app you say
negative, so the hrs that you told me was what a guess they ve apparently had the bag hrs now and no call 
negative, there is two hour wait
negative, that s what i tried to dobut when entering email intodevice made email typo no way to fix itno option to log out in 
negative, can t get thru to anyone on phone
negative, when do you anticipate decisions for cancelled flightlations at dfw tomorrow morning need to rearrange hotel reservationsetc asap 
negative, installed and working are not the same kicked me out after an hour and wouldn t let me back in four wasted hours 
negative, club deneast or westboth are disgusting
negative, i have and been denied i called and got hung up on did speaks with manager on second call
negative, i ve been calling your # all morning to change my name for an upcoming trip but am not able to get through please advise 
negative, not even mentioning how rude the customer service was to us as a business owneri d be mortified if my employees acted as yours 
negative, hey i got a call saying our flight was rescheduled but i can t get through to anyone to see if you re providing a hotel for the
negative, but i take meds that make me severely dehydrated {sigh} 
negative, me your email addressi will tell you my ordealthen you tell me what you think is fair 
negative, has time to respond to everyone else s complaints but not mine you just lost a customer
negative, you guys are atrocious far better service as silver on delta than you as a platinum i ll be switching back to delta 
negative, i really down think downgrading the booze food selections at the club is a good way to go how about you look @aircanada 
negative, i did set up notifications through aaus airways still nothing
negative, keeps delaying my flighthorrible customer service 
negative, extra night we have to stay in san juan now how can i check on that 
negative, how can i get travel question answered quickly online and calling not helping with this busy day
negative, @airlines agents arguing about check bag announcement looked for room until seat gave up and walked back to seat unnecessary 
negative, how s my refund coming along 
negative, seriously after waiting hours on the plane for my flight to leave atpm i have to leave the plane great just great 
negative, i ve been in line for over half hour trying to see a representativenow i might even miss the next flight toounacceptable 
negative, does a great job of answering public messages direct private messagesnot so much 
negative, anyone awake paying for wifi on iphone when need to be using it on laptop logout option for wifi in flight time is wasting 
negative, has it been hrs yet 
negative, or did you mean 
negative, i see you tweeting as little as min ago are you just ignoring my cs request #cantlogoutofunitedwifi
negative, tried that alreadytried forgetting the wifi network connection still forces log in with incorrect email other suggestions 
negative, y not you re the reason we re in houston and not nyc tonight it took the plane an hour to take off no explanations or sorry 
negative, bos sf was in between waivers business cancelled flighted due to weather before after no flexibility compassion in extreme circumstances = 
negative, too long for characters
negative, needs to pay for my car i could have been on my flight if help desks did not say it already left shame 
negative, the wifi in the ewr lounge reminds me of the old days of dial up
negative, and @airsouthwest had a flight from chicago to buffalo about an hour before our flightdo they not care about safety 
negative, can you 
negative, question was given food vouchers but can t use on plane how come
negative, problem is on laptop not phone
negative, have better customer service at john wayne airport 
negative, could have voided the ticket since it washrs since flight booking problems are you going to waive the fees still can t get through 
negative, how does that help me with my customers that i couldn t meet with and subsequently lost 
negative, i m not as sure as you are
negative, as it always is helps to communicate to customers 
negative, thats because you didnt read my entire tweet wife s pm flight is now delayed to thats hour flight delays in weeks
negative, k use to be special people in group one why not board global andk together
negative, rude grouchy agent at dulles check in just got my hour trip off to a lousy start he needs a nap or something 
negative, we like hearing from you so why haven t you replied to my tweet and or email yet
negative, so does that mean your other flights going into buffalo from other locationsyou don t care about their safety 
negative, been trying to speak to agent for hrs about my cancelled flightled flight but reps always busy how do i get ahold of you 
negative, flight cancelled flightedtime can t reach agent to reschedule can you call me 
negative, unfortunatelythat doesn t help just an automated computer 
negative, my two coats were in that bag so i have been in france with no coatwalking around with a t shirt and one clean pair 
negative, is the phone line open on hold for over hours now your check in agents cannot help at the airport itself please help 
negative, yes there is when you keep getting the same robotic answer 
negative, please explain why i need to pay bag fees twiceequally because a delayed flight resulted in bags being rechecked overnight 
negative, i tried already and i am on the waiting list for a call back # hourwaitsucks
negative, that s what i have been told but refund doesn t really makeup for the inconvenience caused and the missed meeting does it 
negative, the most stressful morning and still had to pay to check a bag lax is a madhouse with a lot of angry customers yikes
negative, ive filled out the form twice no email i have a lost item code can you verify it was received 
negative, i ll be calling soon but going tomorrow like it shows on the app is not a good option
negative, bad customer service to nyc a few weeks ago thinking of moving on
negative, why do i have to request refund why charge twice in first place 
negative, where we trick you into making us look popular on twitter by being the worst airline 
negative, @danahajekunited s ceo has decided to outsource and or push out more and more of their skilled and loyal employees lack of staff
negative, i meanyour employees were really nice as i literally sobbed 
negative, @danahajekshe means to say there has been so many complaints today this weekthis month that she can t respond b c she s alone 
negative, i was flying home for a am event tomorrow you pushed back my flight now i have a ticket that won t get me home in time 
negative, i know i can see that too but now estimated time of dep is am i don t understand why there wasn t a better estimate hrs ago
negative, i need to talk with an actual person about missing luggage please advise on how to make that happen 
negative, you need to change the way customer service is handled i have been waiting for a supervisor to contact me for dayswhat gives 
negative, you delayed our departure by hrs to wait for passengers from another flight that was late flight unacceptable 
negative, the flt to ord is correct per my it is the flight from ord to cvg i was charged for incorrectly
negative, i m not booked on a return flight 
negative, hands down the worst airline to travel with really really fucking bad 
negative, i didand as i thoughtnothing happened 
negative, the premier desk was able to rebook me with our friends at only problem is now i have to pay for a checked bag
negative, as of nowwill do my best to never fly wever again y all have made this a day to remember 
negative, watched the entire #uncvsduke game on the tarmac before cancelled flighting my flight because crew timed outright before myhr flight 
negative, i need you to get my cousin to pdxshe s on days of travel now and we ve had to hire other sitters til she arrivesthx for that 
negative, on a flight to new york love the quality planes on united #wtf #crappy 
negative, please improve business extra flight reservation process can t book online what century are we in min on hold
negative, nowe are boardingbut why can t your agentson the phonetaking care ofk travellerslink reservations 
negative, booked a flight yesterdayappeared in my accountconfirm email but since a few hours all disappeared and err no segment in this 
negative, thanks mr i got rebooked already but i lost my first class seat such is life 
negative, what sense is it to charge for a bag service when the service isn t great losing luggage and now missing items this is bs
negative, priority baggage evidently means it comes out last
negative, getting us to where we need to be this is not acceptable not to mentioncancelled flighting meetings interviews for my client 
negative, hi i am still waiting for the refund this is ridiculous or u approve my tickets or u give me a refund please advise wht is going on
negative, between your airline and i ve now spent three extra days traveling domestic and spent hundreds of dollars 
negative, spends minutes beating up a lady about her bag fees random stranger comes up and pays the fee #randomactsofcorporategreed
negative, ua hr mechanical delay all i get is voucher will tweet when i book next trip not on ua 
negative, you should really have that addressed somewhere on the websitefind that completely irritatingam unable to take my flight now 
negative, is it customary to upgrade a flight attendant in uniform vs passengers one is inb on flt now to iah
negative, the flight turned around for mechanical reasons on never to fly united again as they don t check their planes properly 
negative, no u guys suck i ll never fly with u again and ur supervisors suck too 
negative, has the worst flights and customer servicethis is the second time i ve been cancelled flighted gotta pay for hotel and find rides now 
negative, flight from dc to lanot to mention fix the circuit breaker in our bathrooms because this plane is as old as me 
negative, what an incredibly arrogant thing to say while i sit here at o hare waiting for your incompetent airlines to refuel on a 
negative, i will never be flying with ever again for checked bags all under lbs #angrycustomer suck
negative, please consider letting flyers with no overhead bin items board deplane first after first class make sense 
negative, @cnnbrk she tried they are not doing anything said they would talk to stewardess about serving drunks drinks how does that help
negative, sure you ve been saying that for as long as i ve been tweeting about your obsolete fleet promises are free 
negative, fyi the site app still shows plenty of the unavailable flights i had errors with almost hrs after sellout flying 
negative, i am calling to check on a future flight and your first agent hung up and now you sent me to the pet travel line this is hell 
negative, that time when i spent a night trying to sleep in a toddler bed at the airport ramada without my luggage you kidnapped #furious
negative, vacation days relevantritz in pr for the night losing a day to idiots and sleeping at the newark ramada
negative, reflight booking problems would not have made me reach on time for my meeting also didn t wanna take a chancebooked myself on @etihad instead 
negative, phone calls hrs of being sent backforth between two lines in the terminal and it s the skycap that finds a solution 
negative, flight from chicago to houston over hours and no pretzels or peanuts seriously about passed out 
negative, hs students from ithaca ny stuck in miami flts xld u won t rebook to get kids home use carrier alliance #rulesshouldbend
negative, yes there were plenty of seats available so why did vicky thomas refuse to give one to a million mile flyer 
negative, need to chat with an actual human asap 
negative, pt and the aa reservations phone number has been less than helpfultelling me to change things online when i can t 
negative, flight delayed minutes in ord because plane didnt have all the food that should be fixed in the future its a dumb delay 
negative, i guess that s not the busiest routeso based on traffic fuel costsregional jet is the decisionbut still not great travelers 
negative, funnyboth my flights yesterday were delayed because of mechanical issues rotten luck to get planes in a row with issues 
negative, yes but not with much help from you guys
negative, are there any travel advisories for torontoon today i can t access anything regarding international travel on your website 
negative, i understand that but hours late flightri still haven t heard a word how can you plan your week with no zero information 
negative, messaged you as requestedand called your baggage team again it s still in newark please help or let me know next steps 
negative, whom can i call to discuss as i was told that united has no phone contact with passengers this is absurd 
negative, can i get a refund i would like to book on a better airline 
negative, that would have been nice earlier today too late flight now i hope 
negative, waiting mins and counting to get through to global services something going on 
negative, no still trying to get home 
negative, also your at gate monitor showed empty seats
negative, your customer service is lacking and you owe me acamera i also appreciate not being interrupted every time i speak thanks
negative, that is not what your reservations desk just told me they said there were plenty of seats
negative, i must stop my relationship with you you ve become greedy and heartless and our long term relationship is over
negative, they inquire and then do nothing about it pretend theyre interested responded to yourand no response back 
negative, airlines delayed our flight on the way to chicago and leaving chicago next timeit is 
negative, my reservation is on holdnot me wish i was on hold but that s not possible with the phone issues at #americanair 
negative, very exasperating i m having a difficult time with flight booking problems as the error message says you re undergoing maintenance reallynow 
negative, the app doesn t allow canadian address i used the mobile canadian site and it will not let you select a passenger 
negative, you are having phone issues please fix it 
negative, flight delayed times today due to flight officer from pit to ord hour delay to date #bademployeeproblem 
negative, i got an email saying changes to my mileageplus account are confirmed but i didn t make any changes help 
negative, brothers baggage was lost on route to panamerican cross country cup championship in columbia his race is sunday please help 
negative, i tried to check inbut they redirect me to call in to which i also can t get into contact with 
negative, that doesnt make any sense ive beenk for over yearsand youre making it harder to keep me loyal 
negative, i certainly hope my lapbi on th has a new plane the seats on feb th flight in reverse god awful
negative, thanks for the response tough night for all involved our flight got cancelled flightled as we started taxiing down the runway 
negative, after having to now tag my own bags at the airport i was hoping they would actually arrive with me here s hoping they arrive
negative, is terriblemy flights cancelled flighted and i ve been on hold for the past hours never again 
negative, what response is our flight out of montrose cancelled flightled or not 
negative, can you help from there ua can t take off without missing galley cart that no one can find pax all seated for last hour 
negative, i had planned to book additional flights tonight but afterhrs working on one trip i m worn out #enoughisenough
negative, so much for being here to help very disappointed in your customer service 
negative, i sent you awith my file reference number i just want to know if someone has located my bag even if it s not here yet 
negative, speaking languages paid off as the us line left me over min in holdwithout an answerthe latinamerican solved in min
negative, thanks for therescheduling unfortunately your operations process at lax is chaosthe reps refused to print the ticket
negative, i just want to contact someone with a questionnot be put on hold for minutes in order to be hung up on or sent to the pet line
negative, your system is down and after being on hold for over minsmia tells me she is going to charge a flight booking problems fee customer service 
negative, so i was visiting sju and was returning to paris and they checked my bag at the gate in sjui arrived in paris and nothing 
negative, so publicly you asked for details on my flt sent you a like you askedand have yet days to hear from you
negative, shewon tbeatmyweddingthis is an irreplaceable milestone there s no reflight booking problems how can we be repaid for this 
negative, cancelled flighting my flight today because of weather in dallas without being charged 
negative, brothers luggage was lost on copa airlines flight he s competing sunday for the panamerican cross country cup please help
negative, my bag is still in miami and cannot be located how do you loose a bag like that with a tag and everything 
negative, over charged me one way for baggage find out others leaving pittsburgh with same equipment weren t charged just hung up on me 
negative, what a joke hang up on customers 
negative, disappointed in the service will be missing my connection after over an hour delaycramped seats at least their app is good
negative, on last flight of the day no less i am now driving hours to aspen thru a snowstorm thx to your teams lack of customer empathy
negative, no i was told i got put on another flight and that i would get an email still haven t gotten one yet 
negative, please try it yourself call and see what happens then you ll understand #allrepresentativesbusy #nooption
negative, really hoping to get some help here on myattempt to get a resolutionand lost count of transfers help please 
negative, upon entering plane to stewardesses can i have some water no we don t do that please take your seat 
negative, death of a dear friend has me heart broken but has me heated 
negative, most likely makes it sound like you have no ideawhich is not how i want my flights to be please use facts thanks 
negative, when will i hear guitar was damaged in december i use my guitar to earn a living get your act together 
negative, cancelled flighted my mileage plus award reservation g c same day have yet to see my miles back despite agent confirmation 
negative, or how about next time my bag is underweight you guys credit me or how about i take my business to an airline that cares 
negative, gate changes in minutes for flight to roanoke and flight to sous falls in o hare painful
negative, what happened this afternoon huge amt of incoming planes to sfo delayed over hours frustrating 
negative, my fingers are crossed that they are more capable of getting baggage from point a b than united airlines 
negative, i was on hold for over minutes and was talking to one of your employees i asked him for name or id # and he hung up in my face 
negative, i hope so but i ve received no help so far i ve been on hold for more than an hour can someone speak to me 
negative, this is nuts they said a flight was on the ground now it s still in albany and they won t have a plane someone is compensating me
negative, ouchdelays due to mechanical issues again qro will have to wait yall seem to be falling apart #alwaysdelayed
negative, your boarding process sucks you should learn from 
negative, flight was too heavy so had to fly back to palm springs after being in the air for mins 
negative, what is the problem with your flights to ny today
negative, wasting time at baggage claim thanks to your dfw ground crew who checked my bag in without actually checking for space 
negative, tried other flight options as per weblinknon available for next daysfrustrating #notgoodenough
negative, doumentedlink howevernow that it has been over four months with no responsewhat do you suggest or shall i not expect one 
negative, what y all have zero concept of customer service oh and now my connection is delayed too 
negative, another day outbound inbound and now waiting at ewr for a gate to be ready how is it not ready 
negative, not about being on my way or impatience on my part it s about you being untruthful and not having proper systems in place
negative, it wasn t fulli had plenty of time to go to the gate and checkplus with my status i should have gotten on 
negative, i d rather have the truth about my flight than be forced to sit here all day trying to get home to this
negative, i was just called abt my flight cancelled flightlationa flight that was cancelled flightled at a sunday two a calls are not okay 
negative, service staff to is less than friendly 
negative, supervisor m robinson just served a lot of attitudecancelled flighted my flight out of spitethen put me back on on #crazybitch 
negative, hrs late flightr and you still can t figure it out random text updates 
negative, at gate c your gate agents are turning paying customers away in favor of non revs
negative, would be hard to be worse than last time but i m sure you ll give it a shot
negative, are you telling me that you are now cancelled flighting my flight 
negative, the one at am my app still shows it as on time 
negative, i miss the continental days 
negative, stop picking on us 
negative, your survey is too long i fly a lot of segments and i ll fill it out after every tripbut not if it takes more than a minute 
negative, first you lost all my bagsnow you cancelled flight my flight home min wait to talk to somebody#notgoodenough 
negative, @andyellwood @delk lol i was sure i d wake up to more of a response than this half thought auto tweet hope you made it out 
negative, booked flight in sept to get best price for april to usachecked now and they are cheaperwhat a con unhappy customer #ripoff 
negative, worst airline ever staff is nastywifi down bags are delayed due to weather and now the belt is broken selling ual stock in am 
negative, too big to properly manage flight times there is such a thing as being on time or at least prepared with a gate when we land 
negative, thanks for nothing next time i ll bring a whole extra suitcase for my extra pound that makes senseright 
negative, then why did your staff refuse to let me on the earlier flight citing my having checked a bag 
negative, can you you think about hiring some baggage attendants at ewr been waiting for bags for hr united = overchargedunderserved
negative, they sent her a letter and said they would talk to the stewardess about serving drunks drinks how does that help
negative, an update on flight would be great 
negative, you asked me tothen ignore them please assist in changing to another flight today feb fra to mco avoiding iad 
negative, be worse oh you can t delayed with no reason on the way to lonflight cancelled flighted with no reason less than days before returning 
negative, i am now following you and see that i am not the only one experiencing and noticing a substantial downgrade in service post merger
negative, flight gate changes on top of this really hoping you can compensate with some points mileage to my account 
negative, one hour after departure time and still no update 
negative, lost my wallet on flight yesterday from houston to bogota filled out your online form no response yet 
negative, should contact me and the others on my flight who can t get their website to work none of our info is valid
negative, over an hour stuck and still not off the plane total failure by you and your partners in ensuring the best customer experience 
negative, bring my fiancÃ© @meerikangas back to me 
negative, @robcnyc see information on our boarding process i get group just no reason on
negative, work would be much better with my lesson plans and music for my classes today 
negative, minute wait still at the gate with a broken jetway might miss connection
negative, hahahaha this is crazy well here s to another night at the airport 
negative, silence is very telling
negative, thanks for thehr delay and then no ground crew when we landed at least you didn t break my
negative, @hoagy how about you stop cutting and pasting apologies and get some additional phone reps to do their jobs
negative, i m confused after your @dulles_airport agents directed us to go to your website after delays nothing works
negative, am i illiterate or is there a magic code to make your customer service site work
negative, blamed weather lol no wind and not a cloud in the sky delayed both waysx ru kidding me to charge me for lb w delays 
negative, minutes waiting at the gate for the broken jetway different gate maybe 
negative, how can you never got a flight from austin to houston in time for a connection ever ever 
negative, b c of your delay now you are oversold by passengers this is a mess what are you going to do to compensate 
negative, aa second week in a row delayeddue to mechanical issues all the sleet outside and yet we re stuck changing a tire 
negative, thank you for the worst experience ever on an airlinefrom me to youi hope your embarrassed as an airline pathetic 
negative, i sent are an existing reservation but no one has responded
negative, still sitting here waiting for a plane hours wasted
negative, yet again you disappoint sitting at iad for ua for hrs and you can t seem to know why the plane hasn t left albany 
negative, and there is no direct phone number for status match desk i really regret flight booking problems with now 
negative, thanks for trying to take my money without notice in any other industryyou cancelled flight a servicea refund is issued cont 
negative, just curious why you d board a flight without a pilot seems crucial to the flight processno 
negative, line is just getting longer and moving slower lady working the counter is doing greatshe just needs help #customerservicefail 
negative, how is this considered on time if it s arriving at destination half hour late flightr than scheduled
negative, make sure you make cancelled flighted flight baggage and upgrade fees seem like a labyrinth so that you might be able to swindle a few more
negative, how do you stay in business with such poor service#notgoodenough
negative, keep trying to call to change reservation and you keep hanging up on me
negative, look at the twitter history as usual service non existent
negative, @british_airways weeks ago today i arrived in miami and i still don t have my bagabsolute disgrace 
negative, just changed again this is crazy #youragentshavenoclue
negative, now sitting on the tarmac for a half hour after landing because your jetway is broken # daysofunitedfailures #ingafteranother
negative, never can get a flight out on time hour delay earlier another hour delay on my connecting flight makes straight delays
negative, your call system is a fucking joke
negative, so am i going to be homeless or do i have a place to stay tonight can you respond to me here so i can go back to sleep 
negative, can you maybe have more than person working customer service desk in houston airport line rows deep person working
negative, but you re not sorry enough to compensate for either the extended time or cost difference to an alternate direct flightright 
negative, i m try to upgrade my seats to first class but the wait time on the phone is minutes can you help 
negative, broke my suitcaserefuses to give me a repair estimate
negative, you knew this flight was delayed mht to alb to ewr to get crew your arrival is late flightr than the departure update your site 
negative, how do you have a scheduled flight with no crew is there a competent person working at this airline 
negative, my flight landed minbut we are being told to stay on the planehaven t pulled up to the gatehave little to no information 
negative, when a hour flight turns into a ordeal sigh
negative, it s more than technical problemsres on hold and can t get thru to use a credit to pay for it
negative, worst service ever denied access to our flight and then moved flight times how hard is it to schedule a gatenext time 
negative, can you help in chicago get to a gate freezing on a runway seems like a crappy thing to do atpm
negative, how is it that my flight # can arrive early and be delayed due to no gate being available we are now min late flight on tarmac
negative, @rldelahunty record l got email we couldn t get rescheduled on another flight but don t know if flight is cancelled flightled
negative, it has been almost hours and i have heard nothing yet from your reservations team what am i supposed to do 
negative, @bwood we d prefer everyone hear our complaints amount your airline
negative, just delayed my flight to slc by hours what gives #snowforce
negative, record locator oaaret got email we couldn t be rebooked but got no notification flight was cancelled flightled
negative, ord gate c and flt remember when customers were valuable is it so hard to be nice to someone lugging a guitarcarryons 
negative, it s not a friend it s a legally required chaperone on a school trip 
negative, care less about the person although he walked away while i was complaining a man at p at lax club more 
negative, deplaned for therd fucking time fuck you aa 
negative, how do i redeem a travel voucher for a flight if i can t reach a travel agent by phone my hold expires in hours
negative, smiling not 
negative, wtf why can t you update your times in a timely manner you ve known the fight was more delayed ur service is awful 
negative, worst airline in the world delaysgate agent loses her mind over lbs and charges me on top of the i already paid 
negative, cancelled flighted flightsnow i m rerouted and have over hrs of travel but you will bump paying customers for non revs
negative, thanksbut that results in missing the conference i m attending are there options to book earlier or if not receive a refund 
negative, your airline is a joke person working special services at ewr line is ppl deep grow up 
negative, ua is a coshared flight wana unable to check in hrs prior 
negative, thanks kp what s going on w tonight bad update online and phone can t u give customers good info not waste their time 
negative, it s our honeymoon i paid extra business i was sitting next to my brideyou bumped me because of status disgusted 
negative, never flying with you guys ever again the customer service is piss poor at best 
negative, waiting on plane so long missed my connecting flight it left early that s the last flight out tonight help
negative, more concerned that you close a club i paid alot for at last flight p the construction going on is very inconvenient 
negative, on flight to houston delayed duecto engine trouble willl you hold my connection to argentina at houston since i m late flight now 
negative, where are our luggages with a group and over luggages are lost
negative, assistance with whatthe attitude of your staff no matter which airport we are at 
negative, tried to and got through the whole characters and i was not even done 
negative, you moved us onto pm but there is availability on and no answer on your phone have young children help 
negative, tell me something i don t know not #keepingit #weaktea
negative, i m in denvermy bag is in san jose see something wrong here 
negative, but reallycan youme on here to verify if you ve booked a hotel for our extra night here kinda unsettling to get a call 
negative, so our flight into ord was delayed because of air force onebut the last flight to sbn is at mins from now we just landed 
negative, @leigh_emery we don t like to hear this is there anything we can help with thanks ey another empty offer for help 
negative, donna and juan still the best in the united club_ too bad ual does not get it
negative, playing hide and seek with the gate we can t find itit should only be a few more minutes 
negative, worst airline ever after legs of travel i am officially done on time is not in their vocab i m taking my premier status to a
negative, the website won t let me view my reservation due to changes made outside i m on hold now to get help 
negative, the wait time for a baggage question is minutes that s crazy is there a limit to the amount of bags i can bring internationally
negative, enough already with the poor serviceold planesridiculous routingk and time to find a new airline with status match 
negative, outbound flight hour delay b c air trafficgate changes dividend miles member gets no email or text updates
negative, you know it s bad when you re praying your connecting flight is delayed because of an hour delay on the first flight #justgetmehome
negative, i am a comedian and i promise i will make fun of you on stage tonight 
negative, can you transfer my bags too 
negative, you had us reboard without the captain so now we ll be sitting in here for another min
negative, on hold again estimated hr hold
negative, after waiting for over an hour we finally board the airplane only to find out we have to call maintenance and this plane is cold 
negative, at am and have no clue if we have a place to stay or not