8/16/2016 19:22:57, its just a race clinton trump 
7/28/2016 18:32:31, donald trump sees positive swing in two weeks breitbart 
7/27/2016 17:16:56, great new poll thank 
7/25/2016 14:05:27, great poll numbers are coming out all people dont want another four years of obama and crooked hillary would be even 
7/14/2016 14:53:46, another new thank you for your join the movement 
7/14/2016 13:21:48, great new thank you 
7/13/2016 22:19:48, despite spending a day on tv ads alone falls flat in nationwide having zero 
7/11/2016 21:40:30, great thank 
7/9/2016 21:22:25, new poll thank 
6/29/2016 14:39:13, new q poll we are going to win the whole and make america great 
6/26/2016 23:13:25, the dirty poll done by is a even they admit that many more democrats were other polls were 
6/26/2016 22:09:30, hillary clinton is not a change agent just the same old status she is spending a fortune i am spending very close in 
6/26/2016 16:21:15, the poll sample is heavy on very dishonest why would they do other polls 
5/31/2016 10:48:49, so many great things happening new poll numbers looking news conference at today trump 
5/27/2016 2:09:03, poll data shows that does by far the best in holding onto his senate seat in important to keep the run 
5/22/2016 15:28:44, rt breaking trump gains points on clinton since now leads crooked hillary 
5/16/2016 2:23:06, great new thank 
5/14/2016 15:09:49, great new thank 
5/9/2016 20:35:13, rt interesting poll results so far go vote on 
4/24/2016 1:48:17, as soon as john kasich is hit with negative ads he will drop like a rock in the polls against crooked hillary i will 
4/18/2016 11:02:24, kasich only looks in polls against hillary because nobody views him as a threat and therefore have placed zero negative ads against him
4/16/2016 22:02:55, i think its more like 
4/16/2016 21:30:09, new cbs poll shows defections from cruzs core supporters increased support for 
4/12/2016 10:13:02, wow great new new thank you for your 
4/10/2016 2:45:46, poll shows leads among registered republican women with thank 
3/29/2016 14:45:37, how come the show the new poll for hillary vs bernie but do not show the same poll where i am killing 
3/26/2016 20:12:01, dont believe the polls they are just another phony hit job on i will beat hillary clinton easily in the general 
3/19/2016 6:58:13, realistic trump poll numbers translate to the percentile range in a gee what happened to that ceiling
3/19/2016 1:05:55, i guess i have reached yet another ceiling with four my highest reuters poll thank 
3/16/2016 0:05:04, cant watch crazy megyn talks about me at but never mentions that there are four people in with two people big 
3/8/2016 23:53:48, i hear came out with another one of their phony while i am leading they are totally discredited after last poll
3/7/2016 11:48:39, failed presidential candidate lindsey graham should respect i destroyed his run brought him from to when he got now 
3/5/2016 16:10:05, why would anyone in kentucky listen to failed presidential candidate rand paul made a fool of himself ky his 
3/2/2016 23:18:54, poll just hit for interesting how my numbers have gone so far up since lightweight marco rubio has turned love 
2/27/2016 12:47:25, michigan gop poll trump rubio cruz kasich carson 
2/26/2016 16:17:29, wow every poll said i won the debate last great 
2/26/2016 7:38:29, he won almost all polls and mark halperin gave him an 
2/26/2016 6:54:44, all the online polls have me winning the i really enjoyed the not easy but 
2/26/2016 6:49:51, thank polls 
2/25/2016 4:07:19, great new thank you 
2/25/2016 2:20:19, ted cruz is lying polls are showing that i do beat hillary clinton head to check out poll snd q 
2/24/2016 21:36:35, the polls show that i picked up many jeb bush that is how i got to when others drop out i will pick up sad but true
2/24/2016 16:12:50, poll and say that i beat both hillary and bernie and i havnt even started on them 
2/23/2016 17:16:42, wow great ohio shows me leading by points beating 
2/23/2016 1:37:52, thank you trump kasich cruz rubio carson arg
2/23/2016 1:34:44, great thank you north on trump cruz rubio carson kasich via 
2/23/2016 1:24:27, thank you great on trump cruz rubio kasich bush carson simon 
2/21/2016 11:52:51, the failing wall street journal should fire both its pollster and its editorial seldom has a paper been so 
2/18/2016 14:05:38, is changing their theme from fair and balanced to unfair and but dying is phony poll is a 
2/18/2016 12:26:46, new cbs national poll just out massive lead for the wall street poll is a total no wonder wsj is doing so 
2/18/2016 11:25:40, i love being in south we are leading big in all of the state polls saturday is a big make america great 
2/18/2016 10:53:34, the just out usa today national poll where i lead by big numbers shows that in a head to head matchup i beat both hillary and 
2/18/2016 10:44:28, amazing that while i lead by big numbers in the new q and and usa today polls the the press only wants to report on the phony 
2/17/2016 16:11:24, jeb bush just got contact lenses and got rid of the he wants to look cool but its far too in 
2/17/2016 16:10:30, just out nevada poll shows jeb bush at he should take his dumb mouthpiece and just go 
2/16/2016 11:22:02, new ppp poll just out trump up big cruz rubio and bush the debate results even with a stacked rnc audience were 
2/16/2016 4:18:28, new south carolina poll from thank 
2/14/2016 21:10:20, wow in the new cbs poll i went way up into the thank 
2/14/2016 12:56:20, even though every poll time drudge has me winning the debate by a lot only puts negative people biased a total 
2/14/2016 6:26:22, hey see how i beat your boy in your own blaze your endorsement means 
2/14/2016 6:12:28, all polls have me winning debate drudge time dopey charles krauthammer still he has zero totally 
2/11/2016 20:39:33, we are getting reports from many voters that the cruz people are back to doing very sleazy and dishonest pushpolls on we are 
2/9/2016 12:23:37, the polls are now showing that i am the best to win the general states that are never in play for repubs will be won by 
2/7/2016 10:35:28, latest umass tracking nh gop trump rubio cruz jeb kasich 
2/4/2016 16:12:24, taking a helicopter to new hampshire boarding amazing activity new umass poll very 
2/3/2016 13:47:33, ted cruz didnt win iowa he stole that is why all of the polls were so wrong and why he got far more votes than 
1/31/2016 16:53:28, rt trump winning over latino republicans poll says new york post 
1/31/2016 13:06:25, ted cruz is totally unelectable if he even gets to run in will loose big to polls show i beat hillary 
1/29/2016 17:02:06, thank mitchell michigan poll finds trump holds lead over closest gop trump clinton 
1/29/2016 14:43:21, great twitter and i wasnt even thank 
1/29/2016 12:55:34, good morning thank you for all of your support in the latest drudge 
1/29/2016 0:18:44, watching biased charles a flunky who didnt know that i won every debate in the last check 
1/28/2016 17:51:03, tennessee gop poll trump cruz carson rubio christie jeb 
1/28/2016 11:46:26, new wsj poll shows pulling ahead of in 
1/26/2016 12:53:34, hits new heights in national poll at 
1/26/2016 12:51:20, donald trump retains national lead in new abc poll with 
1/25/2016 23:50:44, leading polls one week until on the elections tonight on 
1/25/2016 22:02:50, cruz going down fast in recent dropping like a lies never 
1/25/2016 22:00:38, ted cruz is a nervous he is making reckless charges not caring for the his poll are way 
1/25/2016 13:32:20, poll thank fox news poll thank you new new fox news poll thank you
1/23/2016 15:07:04, ted cruz poll numbers are down because he was born in canada and was until recently a canadian citizen many believe he cannot 
1/22/2016 23:58:14, ted cruz went down big in just released reuters poll whats going is it goldman loans or 
1/22/2016 23:40:41, just received the new fox you 
1/22/2016 23:08:31, new national zogby poll just cruz rubio big 
1/22/2016 22:56:54, leaving nevada now for things are looking good great new 
1/22/2016 22:05:15, new national gop zogby poll 
1/22/2016 21:06:37, new reuters thank 
1/22/2016 15:42:18, after spending million is at the bottom of the barrel in he is ashamed to use the name bush in low energy 
1/22/2016 14:10:54, trump has more support in florida than rubio and bush 
1/20/2016 23:42:28, new new hampshire poll just thank 
1/19/2016 16:19:49, in the just released sc poll i increased my lead by points since last poll by same up by cruz dropped 
1/19/2016 15:04:29, on my way to just received new national poll thank 
1/19/2016 12:50:01, wow new polls just out have trump up and cruz down he is a nervous 
1/19/2016 1:50:57, ted cruz is falling in the he is people are worried about his place of birth and his failure to report his loans from 
1/14/2016 23:35:00, donald trump widens his lead in republican presidential 
1/13/2016 19:20:30, thank you highly respected poll just 
1/13/2016 18:23:32, rt reuters trump cruz bush carson rubio 
1/13/2016 5:46:27, numerous polls have me beating hillary in a race with her voter turnout will be the highest in get most new 
1/13/2016 4:25:04, just found out that is spending a fortune on iowa push polls negative to not nice but new polls are 
1/13/2016 2:56:14, new cbs 
1/12/2016 21:44:22, another new iowa poll just thank 
1/11/2016 19:43:29, new iowa thank 
1/10/2016 18:31:47, heading now for reno nevada for a big good poll numberd all 
1/10/2016 18:28:54, in the just out poll i easily beat hillary clinton and i havnt even focused on her on our make america great 
1/8/2016 23:12:35, poll thank 
1/8/2016 3:29:38, key state florida trump beats combined 
1/6/2016 0:28:31, i am in new just received great news from reuters thank you for your 
1/2/2016 12:17:12, is a low energy stiff who should focus his special interest money on the many people ahead of him in the has no 
12/31/2015 11:01:18, nevada donald trump ted cruz marco rubio via great 
12/31/2015 10:04:36, people ask why do you tweet and to millions about when he is so low in the because of his big hit ads on 
12/31/2015 5:10:16, has spent and is at the bottom of the i have spent almost nothing and am at the 
12/30/2015 21:22:22, great thank you 
12/29/2015 22:53:59, new thank you 
12/27/2015 16:34:57, why are flunkies and two of the dumbest people in politics always on the yet 
12/25/2015 21:49:30, the same people that said i wouldnt run or that i wouldnt lead or do well place and leading by now say i wont beat 
12/25/2015 20:24:41, remember when failed candidate said that illegals came across the border as an act of hes spent million and is at 
12/24/2015 23:04:08, and very dishonest in not showing the new poll where i am at higher than be honest 
12/24/2015 22:56:55, why isnt using the much newer poll when discussing how well i am doing instead of the older q cnn even 
12/24/2015 22:20:24, wow even lowly rand paul has just past in the new jeb is at im at stop throwing your money down the 
12/24/2015 20:02:02, jim you fail to mention in your cnn poll that in the gop is leading cruz to detail
12/23/2015 17:20:55, it is hard to believe i am winning by so much when i am treated so badly by the new poll amazing in all lead
12/23/2015 15:49:01, treats me so using old quinnipiac poll where i have a much smaller lead than the just out all 
12/23/2015 12:02:24, big news just out new poll trump and leads in every major likeability way cruz carson rubio 
12/23/2015 2:59:33, wow new reuters poll just big lead if you want to make america great trump cruz this is at the top of 
12/22/2015 22:10:52, the donald shouldve been named man of the he dominates the polls news talk shows social 
12/22/2015 21:40:45, well im at and your at know jeb you started over here you keep on moving further and further off classic
12/22/2015 21:17:23, this suggests that online polls are more reliable so trump is crushing both 
12/21/2015 11:34:54, tell this knitwit the ppl want not him or his choice for thts why trump has 
12/21/2015 4:42:21, today said he didnt want to be the he would rather be where he is now that is the talk of a loser cant 
12/21/2015 4:17:30, great poll out of thank 
12/20/2015 23:13:09, was terrible on face the nation being at and falling seems to have totally affected his a basket 
12/20/2015 3:46:26, as dominates the latest polls talk to the gop frontrunner sunday on 
12/19/2015 23:23:32, thank you poll with from previous 
12/19/2015 0:36:31, new trumps massive lead grows in poll 
12/19/2015 0:15:22, another new thank 
12/18/2015 5:09:16, new reuters poll thank 
12/16/2015 13:49:35, bill oreilly calls trump and campaign in first place by 
12/16/2015 13:29:47, thank you so many people have given me credit for winning the debate last all polls it was fun and 
12/15/2015 23:12:52, highly respected public policy polling just announced that i am number one in thank 
12/15/2015 21:43:24, new ppp poll just released in up points from last leading dont worry media wont report 
12/15/2015 17:23:03, i won every debate so far according to all debate polls including and too bad dopey 
12/15/2015 15:34:25, is very bad at she was totally unable to figure out the difference between me and cruz in the new monmouth poll 
12/15/2015 15:30:25, the most overrated anchor at worked hard to explain away the new monmouth poll to or pt she said 
12/15/2015 14:54:17, why isnt anyone using the iowa poll with me having a big they only want to use the one negative poll press
12/15/2015 14:47:56, isnt it amazing that paid a fortune for an iowa poll which shows me in first place over cruz by to then doesnt use it
12/15/2015 14:29:02, wow i just had two very good iowa polls and a phenomenal just out national poll from make america great 
12/15/2015 1:16:53, why doesnt use the iowa 
12/14/2015 17:27:42, rt just donald trump hits in new monmouth national poll his highest national support of the election cycle 
12/14/2015 17:27:13, rt new national poll from monmouth trump leads the pack at ted marco 
12/14/2015 17:24:01, rt breaking surging ahead in gop race in new national poll ahead of nearest 
12/14/2015 5:55:40, why doesnt quote the new iowa poll where i have a to lead over ted cruz and all think about 
12/13/2015 22:52:12, trump needs his own poll a real poll in every these polls are so media will only get worse from here
12/13/2015 17:37:25, a very good street journal poll was just released wherein i went up from last month and am in the 
12/13/2015 13:23:48, trump is winning by so much more its near they are all biased 
12/13/2015 4:57:25, i will be interviewed on at and fox news sunday with chris wallace at cnn iowa poll point 
12/12/2015 22:56:36, new cnn iowa poll trump cruz everyone else way dont trust des moines register biased towards 
12/11/2015 23:50:02, thank we are at in new reuters poll with coming in at time to 
12/11/2015 20:50:09, great news in the just out landmark poll shows me in first with 
12/11/2015 12:45:08, is so off on iowa which i am leading big in new i will win also i beat hillary 
12/11/2015 4:38:23, time for the republican establishment to accept the fact that trump is not only a viable candidate but lead is real
12/11/2015 1:30:15, respected morning consult poll just i lead all republicans and beat hillary head to head by a wide to 
12/10/2015 17:56:19, establishment flunky is going crazy with the just released cbs poll that has me way new fox poll has me beating 
12/10/2015 11:44:11, wow my poll numbers have just been announced and have gone through the 
12/9/2015 13:14:17, the last person corrupt hillary clinton wants to run against is donald ill end up beating her in every new fox 
12/9/2015 12:06:06, the failing does not mention the new poll that has me leading iowa by a massive points i am at maggie haberman 
12/9/2015 4:21:15, great poll numbers just coming out of new big lead for trump according to 
12/8/2015 23:30:17, great new poll from thank we need to keep this country 
12/8/2015 20:50:50, a very big poll is coming out at pm in new will be very interested in the 
12/8/2015 19:58:54, a new poll indicates that of my supporters would vote for me if i departed the gop ran as an 
12/8/2015 14:30:04, i wish the wall street journal had reported the just out iowa poll i lead by a wide margin points going up 
12/8/2015 14:25:21, just won iowa poll trump cruz rubio but reported cruz momentum but nothing about the fact that i easily 
12/8/2015 3:41:28, rt new iowa poll finds in the lead by double 
12/8/2015 3:27:56, today new iowa poll finds trump in the lead by double digits 
12/8/2015 3:22:27, just released poll gives me a big point lead in change your false story failing thank you 
12/7/2015 21:42:24, i am especially grateful for the tremendous support i have received from the evangelicals in the just out iowa cnn thank 
12/7/2015 21:42:05, i am greatly honored by the results of the cnn poll in in the end i believe the final results will be even better than 
12/6/2015 14:55:01, poll numbers will go up even more for after obamas address
12/5/2015 3:36:46, donald trump opens up massive lead in national poll 
12/4/2015 14:41:38, please thank alisyn camerota david chalian and john king for the very professional reporting of the new cnn 
12/4/2015 13:24:20, poll just came out amazing numbers for those who want to make america great trump a point lead over 
12/3/2015 12:21:38, the retired neurosurgeon plummets points from last month while trump solidifies his dominating lead 
12/3/2015 11:41:44, his poll numbers jump every time instances like this 
12/2/2015 20:19:22, i beat hillary in the new poll head to she has no strength or stamina both of which are needed to make america great 
12/1/2015 20:47:17, you would think a paper like the washington post would be fair and for the record almost all polls showed i won all 
11/30/2015 15:23:33, the republican establishment out of self preservation is concerned my high poll more concerned are beat hillary heads 
11/27/2015 23:21:02, pollster trend national gop average national polls 
11/27/2015 8:33:21, donald trump rises to ted cruz edges into at 
11/26/2015 21:34:25, great new poll thank you for your 
11/24/2015 22:57:14, new national poll thank you 
11/22/2015 18:26:13, great poll thank 
11/22/2015 14:50:56, great poll numbers all over and beating hillary clinton one on thank 
11/22/2015 12:33:23, big new poll to be announced at on this week with i will be interviewed on 
11/22/2015 12:26:36, just announced that i am leading big in the new poll which will be shown on this week at i will be on show
11/21/2015 23:40:44, donald trump retakes lead in gop ted cruz makes via aol
11/21/2015 15:32:52, rt extends lead in reuters 
11/20/2015 1:05:35, john kasich despite being governor of ohio is losing to me in the ohio 
11/18/2015 23:53:43, new hampshire rules gop race in new trump rubio cruz bush carson kasich 
11/18/2015 19:23:18, via trump extends lead in new hampshire poll 
11/18/2015 16:57:58, great new poll 
11/17/2015 13:14:52, so many great polls like reuters big leads new hampshire really we will win big and make america great 
11/17/2015 2:16:36, great poll numbers out of thank 
11/15/2015 22:54:31, donald trump surges in poll among likely republican voters 
11/15/2015 4:00:48, trump surges to news for marco great 
11/15/2015 3:21:10, great news out of new donaldtrump is pulling away from the pack is behind 
11/13/2015 19:42:05, reuters rolling trump carson rubio cruz thank you a great 
11/12/2015 20:38:00, from to in texas quite a jump into first 
11/12/2015 11:16:31, all seven polls including drudge and time with thousands of respondents said i won the said i was so 
11/11/2015 10:50:13, loved doing the drudge and all amazing evening moderators did an outstanding 
11/10/2015 6:00:01, it shouldnt be ignored and i doubt it will be carson will drop in 
11/7/2015 3:23:44, this is why the polls are i am a lifelong and i will be voting 
11/7/2015 0:07:28, would be nice if learned how to read the polls before writing his next probably done on purpose but not good 
11/6/2015 18:05:06, great which of these polls is kudos to 
11/6/2015 9:58:05, lead in reuters national poll 
11/6/2015 9:37:59, interesting presidential carson tries to beat his mom with a hammer and beats carson in the 
11/6/2015 9:28:18, a great honor to easily finish first in the poll tabulation even though some of my best polls were not used in determining 
11/6/2015 9:21:38, wow you openly lie about whos ahead in the gop trump is leading in of 
11/5/2015 9:23:48, poll numbers are higher then most think no one is asking democrats if they are voting trump
11/4/2015 23:18:58, poll just came with almost as importantly i am the strongest on economic issues by 
11/4/2015 13:28:10, isnt it terrible that used a poll not used before when i was down but refuses to use it now when i am 
11/3/2015 14:51:44, the polls are for the news trump is miles ahead and leaving all others in the dust dont doubt me
11/3/2015 14:44:06, i trust s polls they are actually really fair and really balanced on all their news iowa 
11/3/2015 13:40:32, latest poll of florida voters shows enormous lead for hed beat 
11/2/2015 18:31:09, used this poll else when i was if use it now that 
11/2/2015 18:21:51, why you use new polls instead of the single ancient national poll that was a tiny bit dishonest 
11/2/2015 12:26:50, online best to handle economy by far very true 
11/2/2015 12:24:05, marco only won the debate in the minds of desperate i won every poll even crazy marco good 
11/2/2015 1:54:57, thank you for the nice and true words on buzz with terrific howie leading new hampshire to 
11/1/2015 2:48:52, trump leads gop carson stays strong rubio poll 
10/31/2015 22:34:30, leading big nationwide in reuters poll 
10/31/2015 22:24:19, thank you james freeman of the for the very nice all polls said i won the debate except nbc explain to daniel 
10/31/2015 14:25:26, surges in trump puts us and foremost 
10/31/2015 12:18:35, the new nbc poll has me in first place but said i was third in the debate i demand a recount every other poll had me 
10/31/2015 3:52:11, arizona polls for democrats only say they would prefer donald trump over hillary clinton 
10/31/2015 3:23:14, republican is support for carson is poll used by last month
10/31/2015 1:14:20, everyone under in polls should drop out and support trump great 
10/30/2015 19:30:28, donald trump leads polls in florida 
10/30/2015 16:49:38, thank you for explaining to and and so many others that i am leading in almost all national state 
10/30/2015 2:26:03, loved doing the debate last night on check out all of the everyone agrees that harwood 
10/30/2015 1:59:22, my interview on with had a ratings increase over same sunday last over last 
10/29/2015 15:21:06, cnbc trump won 
10/29/2015 14:42:01, trump wins cnbc instant rubio 
10/29/2015 13:15:53, they should just let you be president already youre already leading in the 
10/29/2015 10:51:04, said that won debate vote your 
10/29/2015 10:49:47, gravis marketing poll 
10/29/2015 7:22:01, came out as a clear winner in the polls yet next we need max candidates too many on the 
10/29/2015 6:20:28, the poll closed with declared the official 
10/29/2015 6:19:36, showing why he should be our next tremendous winning all the post debate 
10/29/2015 5:58:00, drudge poll on who won the thank 
10/29/2015 5:53:20, thank you an honor to win 
10/29/2015 3:27:43, the poll closed with declared the official thank 
10/29/2015 3:20:13, thanks everyone they all said i won the even won the 
10/28/2015 23:26:15, via trump still in the lead by a whopping points after fluke survey had put carson on 
10/28/2015 20:10:46, poll trump carson rubio 
10/28/2015 18:22:36, poll one of the most highly respected was just wow wait until the media digests these numbers wont be 
10/28/2015 17:51:07, im sure the media will not report the highly respected new national poll that just came out via the 
10/28/2015 15:47:14, get your polls trump is going to he is the only one tough enough to run this 
10/28/2015 15:45:58, is trying to drive down poll numbers to install carson who the establishment gop will promptly win don 
10/28/2015 15:32:17, does anybody think that will get their fictitious polling numbers corrected sometime prior to the start of the 
10/28/2015 15:01:42, continues to report fictious poll number one based on every statistic is trump a wide they just cant say 
10/28/2015 12:46:44, debate is behind you national lead trump carson 
10/28/2015 3:18:32, a lot of people i know are voting trump in nc none have been polled your lead is bigger than anyone can 
10/27/2015 21:46:46, just out wonderful poll in north 
10/27/2015 19:01:52, composite national poll 
10/27/2015 18:59:41, wtg great u r the best pick out of all of the candidates ohio knows this is why u r leading there too
10/27/2015 18:25:57, national gop presidential poll via 
10/27/2015 16:14:20, trumps national lead increases to going into the third gop debate its trump carson and rubio 
10/27/2015 14:43:37, new gravis national poll just out very 
10/27/2015 12:02:51, why not post the other polls where trump has percent and carson is in the 
10/26/2015 19:04:57, rt new poll shows and are tied atop the field in 
10/26/2015 0:06:43, leaving for new hampshire will be doing the there live at new poll of new trump carson 
10/25/2015 19:21:35, latest poll shows donald trump winning of electoral vote against hillary 
10/25/2015 19:20:11, way ahead in all the polls that trump for president
10/25/2015 18:36:34, great numbers from also from post thank 
10/25/2015 17:53:31, do you believe that is still playing up the old iowa poll numbers and no mention of the abcwashington post or just out cbs 
10/25/2015 16:11:58, poll new hampshire trump carson bush south carolina trump carson cruz iowa trump carson 
10/25/2015 14:29:51, watch my interview on face the nation now and also the new cbs polls which if good for me the media wont 
10/25/2015 13:40:57, big poll comes out today on face the nation at on 
10/25/2015 11:18:17, a big poll will be announced this morning on face the i wonder if i do well if the press will report the doubt it
10/25/2015 3:47:03, donald trump tops poll of bay state thanks great news
10/25/2015 3:32:03, donald trump leads in expectations shows strength on attributes abc news via 
10/24/2015 10:58:11, yougov national poll donald trump continues to dominate field with all the last refuge 
10/21/2015 14:40:53, rt a new poll shows will most likely win the gop 
10/21/2015 13:07:36, rt new poll shows with a commanding lead points above his closest competition 
10/21/2015 13:07:01, rt new poll finds lean republicans think most likely to be gop nominee and has best 
10/21/2015 11:33:11, new poll by abc post trump carson rubio bush wow how will the media put a negative spin on this 
10/21/2015 11:13:23, now beats nationally 
10/21/2015 10:41:40, i will be interviewed on good morning america at will be announcing new poll make america great 
10/21/2015 10:36:45, just boston pierce poll trump carson bush rubio cruz press will say they are 
10/21/2015 3:47:04, donald trump still dominating all polls debate cable news the gop nomination is his he rarely 
10/21/2015 2:46:47, i will be interviewed on good morning america tomorrow at big new abc poll coming out i hope i do 
10/21/2015 0:25:53, hits his highest poll number make small gains 
10/21/2015 0:21:43, had my best day ever in the polls one had me at morning boston globe monmouth nbc and cnn all 
10/20/2015 19:42:19, donald trump tops poll at percent in 
10/20/2015 19:33:05, lots of great new 
10/20/2015 2:56:26, since late july djt consistently been the in public opinion polls for the republican party 
10/19/2015 17:42:17, new trump blue collar support highest since fdr in 
10/18/2015 21:12:55, quit jeb your poll is even lower than your apprentice 
10/18/2015 12:38:08, donald trump is so far ahead in two key state thanks clayton
10/17/2015 23:50:02, good news for those that want to make america great again i am winning every poll in every state and national and by big thanks
10/17/2015 16:01:57, via business donald trumps poll dominance in key states is 
10/16/2015 21:28:18, a great new 
10/16/2015 12:57:25, keep up the great work polls are best 
10/16/2015 2:43:08, did you also hear megyn say carson is the so some polls in other polls outright 
10/16/2015 2:22:29, every poll time drudge slate and others said i won both debates but heard megyn kelly had her two puppets say bad i dont watch
10/16/2015 2:00:12, megyn kelly has two really dumb puppets chris stirewalt marc threaten who do exactly what she all polls say i won debates
10/14/2015 18:48:50, cnn poll just out on south carolina great 
10/14/2015 18:23:55, poll results just out for trump carson fiorina bush cruz 
10/14/2015 0:08:14, should be interesting but too bad the three guys will be taking up so much time but who knows maybe a star will be born 
10/13/2015 13:35:29, very trump is tops as clinton drops in connecticut primaries quinnipiac university poll finds 
10/13/2015 9:03:52, sickening i hope jumps another 
10/10/2015 19:18:17, via breitbart riding high in polls donald trump storms the american south to overflow crowds in georgia 
10/10/2015 13:47:54, im leading big in every poll and we are going to remember trump never gives 
10/9/2015 22:43:35, great gravis poll on the great state of also watch on cbs both on 
10/9/2015 20:35:12, new gravis poll in nh just trump carson 
10/9/2015 19:32:26, yeah youre really wearing out your whos dominating the go 
10/7/2015 23:51:36, just arrived in las vegas for a packed house speech big poll results today leading big make america great 
10/7/2015 19:29:59, just found out i won the rockingham county republican booth straw poll at the deerfield fair in new hampshire this past 
10/7/2015 16:19:11, rt is leading in new quinnipiac poll 
10/7/2015 14:39:29, heading to a packed house in waterloo will celebrate todays great poll numbers see you 
10/7/2015 3:12:38, reuters ipsos poll donald trump continues to over 
10/7/2015 0:02:36, just morning poll trump trump carson rubio bush fiorina 
10/6/2015 11:33:14, pew holds commanding lead 
10/6/2015 1:02:39, media is confused they bash trump he rises in 
10/5/2015 23:56:21, donald trump maintains huge lead on opponents as polls go 
10/4/2015 21:35:18, im leading by big margins in every poll but the press keeps asking would you ever get they are just troublemakers im going to 
10/3/2015 2:17:18, trumps big lead in a new poll and whether jebs stuff happens was taken out of context with tonight thanks 
10/3/2015 2:01:23, jeb you are falling in polls because conservatives feel that you cannot 
10/3/2015 1:57:42, rt polling convergence and 
10/3/2015 1:49:11, polling convergence and reuters show donald trump surging with via
10/3/2015 0:34:34, donald trump leads by points in pew poll jeb bush in free fall 
10/1/2015 12:19:16, latest finds at percent approval leading gop in 
9/30/2015 20:14:42, interesting polls on who won the gop 
9/30/2015 16:43:53, great just highly respected usa university 
9/29/2015 15:04:30, i hope when rand paul gets out of the is at supporters come over to i will do a much better job for 
9/29/2015 15:04:21, rand paul has been driven out of the race by my statements about he will announce 
9/28/2015 19:44:15, zogby trump widens lead after gop debate 
9/28/2015 2:31:55, trump went way up in my poll when he said hed take money from what us is giving other countries save social security
9/26/2015 13:12:32, marco rubio is a member of the gang of eight or very weak on stopping illegal only changed when poll numbers 
9/26/2015 2:09:42, an updated poll tracker all polls thru the reveals i maintained a double digit lead 
9/25/2015 20:22:38, rt new maintains huge lead in 
9/25/2015 18:51:35, dishonest just called to say that none of the polls including fox nbc cnn zogby morning consult serious 
9/25/2015 3:55:24, the poll said very plainly i came in second in the all others time drudge slate said i came in 
9/24/2015 21:51:29, wow a really nice lead in new an increase since my last 
9/24/2015 16:33:21, trump leads gop field 
9/24/2015 16:23:45, new bloomberg trump leads big 
9/23/2015 15:12:18, headline reads rubio passes bush in florida poll unfair because trump destroys them both trump rubio bush 
9/22/2015 13:58:42, morning consult trump leads 
9/22/2015 12:59:53, republican primary morning consult poll was just trump carson bush fiorina rubio cruz taken after debate
9/22/2015 2:30:02, they attack you more then cnn or msnbc just a bunch of old bush appointee 
9/22/2015 0:49:48, was very negative to me in refusing to to post the great polls that came out today including not good for 
9/22/2015 0:24:32, touts cnn polls instead of their of course the nbc one shows him much trump corrects 
9/21/2015 21:44:16, via huffpost pollster 
9/21/2015 18:22:21, zogby is respected in the business of polling the media is attempting to silence the message 
9/21/2015 16:14:08, has the media picked up the new zogby poll that was just put i doubt 
9/21/2015 13:59:31, new zogby highly but the media report it because it gives me an even bigger 
9/21/2015 12:39:46, touts cnn polls instead of their of course the nbc one shows him much trump corrects 
9/21/2015 12:29:46, thanks and for showing us how lopsided you use your own 
9/21/2015 12:28:14, the refused to use their just in poll numbers where i have a massive lead but instead used numbers where my lead is 
9/21/2015 0:56:52, i am attracting the biggest crowds by far and the best poll numbers also by much of the media is totally so 
9/21/2015 0:51:49, i have been leading big in all polls with two more today and the nbc poll is more than double next at fiorina has 
9/20/2015 13:17:28, i will be on at will be releasing their new poll based on the debate results i should do 
9/19/2015 22:24:33, rt check out the latest morning consult poll released remains at 
9/18/2015 17:56:06, wow great trump increases lead via breitbart 
9/17/2015 17:18:22, every poll done on debate last night from drudge to newsmax to time magazine had me winning in a 
9/17/2015 3:47:06, winning the 
9/15/2015 18:00:34, the polls are really looking everywhere despite all lobbyist special interest being spent against turning down 
9/13/2015 13:41:32, why is someone like george pataki who did a terrible job as governor of and registers zero in the polls allowed on the debate 
9/12/2015 20:01:55, too many people on stage for at with in shouldnt be allowed to 
9/12/2015 4:37:43, trumps polls are going to skyrocket after appearance on the young people are going to love 
9/11/2015 13:12:09, oh wow lightweight governor who is registered at less than percent in the polls just mocked my so 
9/11/2015 12:49:20, very good new quinnipiac poll just came am in 
9/10/2015 21:11:26, i only respond to people that register more than in the i never thought he had a chance and been proven 
9/8/2015 21:20:40, a great honor to receive polling numbers like record setting african american hispanic numbers 
9/6/2015 11:28:48, trump beats clinton matchup thank 
9/6/2015 11:23:44, if the presidential election were held today according to this poll donald trump would defeat any 
9/4/2015 16:50:05, daily trump surpasses field flirts with percent in alabama poll 
9/3/2015 2:04:12, i am in first place by a lot in all polls tied for first place with ben carson in one iowa i thought you knew 
9/2/2015 20:55:44, tracking polls from pollsters pollster 
9/2/2015 20:54:20, gop nomination polls have me as as seen on with 
9/2/2015 10:24:39, will be interviewed on this morning at thanks for the great poll 
9/2/2015 1:39:22, big leads for the peoples potus 
9/2/2015 1:35:02, every poll has me winning you listen to dopey karl rove a trump hater on you would think im doing 
9/1/2015 15:56:32, yet another weak hit by a candidate with a failing will jeb sink as low in the polls as the others who have gone after 
9/1/2015 9:39:38, the just released public policy polling national is the best make america great 
9/1/2015 2:05:32, just out new ppp national poll has me in first place by a wide margin at i wonder why only has not reported too 
8/31/2015 10:33:10, leading in the bloomberg iowa also my favorability numbers went up at a record almost unheard of thank you 
8/31/2015 10:27:56, loved being with my many friends in the crowd and enthusiasm was i won the straw poll 
8/30/2015 3:30:08, trump wins tea party groups nashville straw poll newsmax great thank 
8/30/2015 0:19:31, via trump wins nashville grassroots straw poll with 
8/29/2015 12:11:47, boom univision reluctantly reports donald trump leading with latino via 
8/28/2015 17:46:30, rt trump breaks in oan gravis marketing scientific leads closest competitor by 
8/28/2015 14:32:32, via trump now leads in odds to win gop nomination 
8/26/2015 4:38:46, will be interviewed on the this morning at talking about politics polls and 
8/25/2015 20:07:35, heading to iowa to a packed just released polls all first place are thank 
8/25/2015 15:28:19, rt breaking public policy polling new 
8/25/2015 13:52:29, another good poll result in the great state of trump at carson at and bush at 
8/25/2015 13:49:59, congrats you just got points in your home state of better than zero only pts behind 
8/25/2015 12:49:42, did a terrible job as governor of new if he ran again he would have lost in a he and graham zero in polls
8/23/2015 11:01:19, new reuters poll just came out and has me at highest number silent majority is back and we will make america great 
8/21/2015 20:06:26, dow dives more than points down from be 
8/20/2015 2:23:31, another great poll thank 
8/18/2015 21:00:12, new favorability rating on the rise while jebs among 
8/18/2015 20:52:54, polls indicate that a trump presidency is now 
8/18/2015 14:35:04, rt at the top 
8/17/2015 23:19:21, rt gop primary hp tracking polls trump bush carson rubio 
8/17/2015 20:59:01, rt cnn poll most likely to change washington ben carson ted cruz carly fiorina 
8/17/2015 15:28:10, the polls have been really are all tired of incompetent politicians and bad 
8/16/2015 19:08:17, rt gop nominee national polls via fox news released at with at at 
8/16/2015 16:22:47, rt national leads by double lets bring back to 
8/14/2015 17:09:23, rt great poll from with a lead higher than jeb 
8/13/2015 14:06:16, rt tops in iowa 
8/13/2015 13:13:16, rt echelon poll says trump has the support of 
8/12/2015 22:34:40, rt poll overall economy immigration terrorism 
8/12/2015 20:05:58, rt our new iowa poll shows at followed by carson walker and bush is at 
8/11/2015 17:25:28, rt poll conducted for debate ballots 
8/10/2015 19:05:50, rt donald trump maintains support of of republican voters in new online poll with margin of bush 
8/8/2015 3:33:14, newsmax poll 
8/8/2015 3:22:05, newsmax poll another debate 
8/7/2015 14:21:54, rt breaks records in poll share of support quinnipiac recorded in years 
8/7/2015 12:18:48, rt drudge time foxsd 
8/7/2015 9:15:53, winner of last nights debate by wide 
8/7/2015 8:59:57, time wins the first by wild margin 
8/7/2015 8:09:01, is in a greater position to even after tried to take him 
8/7/2015 8:02:50, they tried to take you out your poll numbers voters matter not 
8/7/2015 7:37:32, i won every poll of the debate tonight by massive margins so where did you find that dumb 
8/6/2015 0:57:32, nbc says trump leads with hs grads or bother saying trump leads with college grads too
8/6/2015 0:16:57, trump is leading with almost every major group of republican primary 
8/5/2015 21:05:42, trump leads gop field among hispanics records favorability 
8/5/2015 1:12:05, trump leads jeb slips rubio crashes in news poll 
8/4/2015 20:23:40, rt new hampshire poll shows say they feel can best handle the 
8/4/2015 16:35:27, rt today we spoke with donald trump about his rising leads in the polls and his strategy for thursdays 
8/4/2015 12:45:10, rt takes massive lead in wsj twice the support of 
8/4/2015 12:42:56, rt trump surges takes double digit lead in gop presidential race jerome corsi
8/4/2015 12:15:27, rt good real clear politics polling data average addition of bloomberg 
8/4/2015 1:17:45, trump continues to rise in the the american people are speaking and speaking 
8/4/2015 1:15:08, trump is surging breaking every poll because 
8/4/2015 1:11:03, rt fox news new high for donald trump new low for hillary clinton 
8/4/2015 1:10:40, rt new poll finds almost every gop candidate losing ground except for donald 
8/3/2015 23:18:14, rt fox news poll released jeb bush scott walker 
8/3/2015 20:59:33, rt trump crushes bush and walker combined favorability rockets to 
8/3/2015 18:17:15, new poll shows donald trump blowing everyone else out of the 
8/3/2015 17:25:48, rt surges in nbc hopefuls to take center stage this makes top 
8/3/2015 15:24:31, rt days before the first republican presidential debate surges to the lead among other gop contenders 
8/3/2015 8:10:17, polls show be the gop nominee if the vote was held 
8/3/2015 3:28:01, congratulations on leading the polls currently and for acquiring the center stage position in the upcoming 
8/1/2015 17:10:49, rt polls show be the gop nominee if the vote was held 
